Player,Title,Price,Currency,Availability,Size,Dispatch Time,Product Type,Signed By,Presentation,SKU,Product URL,Price (GBP),Signed By Player Only,In Stock
Jordi Alba,PRE-FRAMED Jordi Alba Signed Spain Photo In Black Wooden Frame: UEFA EURO 2012 Final Goal,103.99,GBP,In Stock,16 x 12 inches,1-5 working days,Signed photos,Jordi Alba,Framed,I2489BWFPF,https://www.icons.com/jordi-alba-signed-spain-photo-in-black-wooden-frame-2012-uefa-euro-2012-final-goal-89548.html,103.99,True,True
Jordi Alba,Jordi Alba Signed Spain Photo In Premium Photo Frame: UEFA EURO 2012 Final Goal,179.99,GBP,In Stock,16 x 12 inches,1-5 working days,Signed photos,Jordi Alba,Framed,I2489PPF,https://www.icons.com/jordi-alba-signed-spain-photo-in-black-wooden-frame-2012-uefa-euro-2012-final-goal-89547.html,179.99,True,True
Jordi Alba,Jordi Alba Signed Spain Photo In Black Wooden Frame: UEFA EURO 2012 Final Goal,129.99,GBP,In Stock,16 x 12 inches,1-5 working days,Signed photos,Jordi Alba,Framed,I2489BWF,https://www.icons.com/jordi-alba-signed-spain-photo-in-black-wooden-frame-2012-uefa-euro-2012-final-goal-89546.html,129.99,True,True
Jordi Alba,Jordi Alba Official UEFA Champions League Back Signed and Hero Framed FC Barcelona 2022-23 Home Shirt,549.99,GBP,Out of Stock,920mm (H) x 1120mm (W) x 20mm (D),1-5 working days,Signed shirts,Jordi Alba,Framed,I2492UCLHF,https://www.icons.com/jordi-alba-official-uefa-champions-league-back-signed-and-hero-framed-fc-barcelona-2022-23-home-shirt-08421.html,549.99,True,False
Jordi Alba,Jordi Alba Official UEFA Champions League Back Signed and Framed FC Barcelona 2022-23 Home Shirt,499.99,GBP,Out of Stock,875mm (H) x 785mm (W) x 38mm (D),1-5 working days,Signed shirts,Jordi Alba,Framed,I2492UCLF,https://www.icons.com/jordi-alba-official-uefa-champions-league-back-signed-and-framed-fc-barcelona-2022-23-home-shirt-64872.html,499.99,True,False
Jordi Alba,Sergio Busquets & Jordi Alba Signed Barcelona Shirts In Classic Dual Frame,600.0,GBP,Out of Stock,1200mm (W) x 900mm (H) x 30mm (D),1-5 working days,Signed shirts,"Sergio Busquets, Jordi Alba",Framed,I3209I2492DS,https://www.icons.com/sergio-busquets-jordi-alba-barcelona-signed-dual-frame.html,600.0,False,False
Jordi Alba,Jordi Alba Official UEFA Champions League Signed and Framed FC Barcelona Photo: 2015 UEFA Champions League Winner,229.99,GBP,Out of Stock,16 x 12 inches,1-5 working days,Signed photos,Jordi Alba,Framed,I2490UCLF,https://www.icons.com/jordi-alba-official-uefa-champions-league-signed-and-framed-fc-barcelona-photo-2015-uefa-champions-league-winner-58630.html,229.99,True,False
Jordi Alba,Luis Enrique & Jordi Alba Signed FC Barcelona Photos In Dual Photo Frame,299.99,GBP,Out of Stock,16 x 12 inches,1-5 working days,Signed photos,Luis Enrique,Framed,I1766I2490DP,https://www.icons.com/luis-enrique-jordi-alba-fc-barcelona-signed-photos-in-dual-photo-frame-1.html,299.99,False,False
Jordi Alba,Jordi Alba FC Barcelona & Jordi Alba Spain Signed Photos In Dual Photo Frame,299.99,GBP,Out of Stock,16 x 12 inches,1-5 working days,Signed photos,Jordi Alba,Framed,I2490I2489DP,https://www.icons.com/dida-brazil-gianluigi-buffon-italy-signed-photos-in-dual-photo-frame-5.html,299.99,True,False
Jordi Alba,Jordi Alba Signed FC Barcelona Photo In Premium Photo Frame: 2015 UEFA Champions League Winner,179.99,GBP,Out of Stock,16 x 12 inches,1-5 working days,Signed photos,Jordi Alba,Framed,I2490PPF,https://www.icons.com/jordi-alba-signed-fc-barcelona-photo-in-black-wooden-frame-2010-uefa-champions-league-winner-84707.html,179.99,True,False
Jordi Alba,Jordi Alba Signed Adidas Copa Football Boot In Bubble Frame: Option 1,324.99,GBP,Out of Stock,,1-5 working days,Signed boots,Jordi Alba,Framed,I2487BUBF1,https://www.icons.com/jordi-alba-signed-adidas-copa-football-boot-17053.html,324.99,True,False
Jordi Alba,Jordi Alba Signed Adidas Copa Football Boot In Acrylic Case,224.99,GBP,Out of Stock,340mm (W) x 230mm (D) x 190mm (H),2 working days,Signed boots,Jordi Alba,Acrylic Cased,I2487AD,https://www.icons.com/gareth-bale-signed-red-adidas-x-boot-in-case-40868.html,224.99,True,False
Jordi Alba,Jordi Alba Back Signed FC Barcelona 2022-23 Home Shirt Inscription -  Mes Que En Club In Hero Frame: Option 1,699.99,GBP,Out of Stock,1015mm (W) x 750mm (H) x 25mm (D),1-5 working days,Signed shirts,Jordi Alba,Framed,I2499HF1,https://www.icons.com/jordi-alba-back-signed-fc-barcelona-2022-23-home-shirt-inscription-mes-que-en-club-in-hero-frame-option-1-87269.html,699.99,True,False
Jordi Alba,Jordi Alba Back Signed FC Barcelona 2022-23 Home Shirt Inscription -  Mes Que En Club In Classic Frame,674.99,GBP,Out of Stock,885mm (H) x 780mm (W) x 30mm (D),1-5 working days,Signed shirts,Jordi Alba,Framed,I2499CF,https://www.icons.com/jordi-alba-back-signed-fc-barcelona-2022-23-home-shirt-inscription-mes-que-en-club-in-classic-frame-41026.html,674.99,True,False
Jordi Alba,Jordi Alba Back Signed Spain 2022 Home Shirt Inscription - Campeones De Europa 2012 In Hero Frame: Option 1,699.99,GBP,Out of Stock,1015mm (W) x 750mm (H) x 25mm (D),1-5 working days,Signed shirts,Jordi Alba,Framed,I2500HF1,https://www.icons.com/jordi-alba-back-signed-spain-2022-home-shirt-inscription-campeones-de-europa-2012-in-hero-frame-option-1-71056.html,699.99,True,False
Jordi Alba,Jordi Alba Back Signed Spain 2022 Home Shirt Inscription - Campeones De Europa 2012 In Classic Frame,674.99,GBP,Out of Stock,885mm (H) x 780mm (W) x 30mm (D),1-5 working days,Signed shirts,Jordi Alba,Framed,I2500CF,https://www.icons.com/jordi-alba-back-signed-spain-2022-home-shirt-inscription-campeones-de-europa-2012-in-classic-frame-89472.html,674.99,True,False
Jordi Alba,Jordi Alba Signed FC Barcelona Photo In Black Wooden Frame: 2015 UEFA Champions League Winner,129.99,GBP,Out of Stock,16 x 12 inches,1-5 working days,Signed photos,Jordi Alba,Framed,I2490BWF,https://www.icons.com/jordi-alba-signed-fc-barcelona-photo-in-black-wooden-frame-2010-uefa-champions-league-winner-84706.html,129.99,True,False
Jordi Alba,Jordi Alba Official FC Barcelona Back Signed and Framed 2022-23 Home Shirt,449.99,GBP,Out of Stock,920mm (H) x 1120mm (W) x 20mm (D),1-5 working days,Signed shirts,Jordi Alba,Framed,I2492FCBF,https://www.icons.com/jordi-alba-official-fc-barcelona-back-signed-and-framed-2022-23-home-shirt-23540.html,449.99,True,False
Jordi Alba,Jordi Alba Back Signed Spain 2022 Home Shirt In Hero Frame: Option 1,399.99,GBP,Out of Stock,1015mm (W) x 750mm (H) x 25mm (D),1-5 working days,Signed shirts,Jordi Alba,Framed,I2491HF1,https://www.icons.com/jordi-alba-back-signed-spain-2022-home-shirt-in-hero-frame-option-1-98456.html,399.99,True,False
Jordi Alba,Jordi Alba Back Signed Spain 2022 Home Shirt In Classic Frame,374.99,GBP,Out of Stock,885mm (H) x 780mm (W) x 30mm (D),1-5 working days,Signed shirts,Jordi Alba,Framed,I2491CF,https://www.icons.com/jordi-alba-back-signed-spain-2022-home-shirt-in-classic-frame-32159.html,374.99,True,False
Trent Alexander-Arnold,Trent Alexander-Arnold Back Signed Liverpool 2025-26 Home Shirt In Classic Frame,624.99,GBP,In Stock,885mm (H) x 780mm (W) x 30mm (D),1-5 working days,Signed shirts,Trent Alexander-Arnold,Framed,I5480CF,https://www.icons.com/trent-alexander-arnold-back-signed-liverpool-2025-26-home-shirt-in-classic-frame-72365.html,624.99,True,True
Trent Alexander-Arnold,Trent Alexander-Arnold Back Signed Liverpool 2025-26 Home Shirt In Hero Frame: Option 1,649.99,GBP,In Stock,1015mm (W) x 750mm (H) x 25mm (D),1-5 working days,Signed shirts,Trent Alexander-Arnold,Framed,I5480HF1,https://www.icons.com/trent-alexander-arnold-back-signed-liverpool-2025-26-home-shirt-in-hero-frame-option-1-04735.html,649.99,True,True
Trent Alexander-Arnold,Trent Alexander-Arnold Back Signed Liverpool 2025-26 Home Shirt In Deluxe Packaging,484.99,GBP,In Stock,375mm (H) x 315mm (W) x 40mm (D),2 working days,Signed shirts,Trent Alexander-Arnold,Deluxe Packaged,I5480D,https://www.icons.com/trent-alexander-arnold-back-signed-liverpool-2025-26-home-shirt-in-deluxe-packaging-71435.html,484.99,True,True
Trent Alexander-Arnold,Trent Alexander-Arnold Signed Liverpool Photo In Black Wooden Frame,99.99,GBP,In Stock,16 x 12 inches,1-5 working days,Signed photos,Trent Alexander-Arnold,Framed,TB1544BWF,https://www.icons.com/trent-alexander-arnold-signed-liverpool-photo-74963.html,99.99,True,True
Trent Alexander-Arnold,Trent Alexander-Arnold Signed Liverpool Photo In Black Wooden Frame: FA Cup Winner,99.99,GBP,In Stock,16 x 12 inches,1-5 working days,Signed photos,Trent Alexander-Arnold,Framed,TB1545BWF,https://www.icons.com/trent-alexander-arnold-signed-liverpool-photo-in-black-wooden-frame-fa-cup-winner-73265.html,99.99,True,True
Trent Alexander-Arnold,Official UEFA Europa League 3D Mini Replica Trophy,99.99,GBP,In Stock,,2 working days,Replica trophies,Unsigned,Unframed,I2686,https://www.icons.com/official-uefa-europa-league-3d-mini-replica-trophy-100mm-82360.html,99.99,False,True
Trent Alexander-Arnold,Official UEFA Champions League 3D Mini Replica Trophy,99.99,GBP,In Stock,,2 working days,Replica trophies,Unsigned,Unframed,I2685,https://www.icons.com/official-uefa-champions-league-3d-mini-replica-trophy-100mm-93108.html,99.99,False,True
Trent Alexander-Arnold,Official UEFA Champions League 3D Mini Replica Trophy on Pedestal,49.99,GBP,In Stock,,2 working days,Replica trophies,Unsigned,Unframed,I2684,https://www.icons.com/official-uefa-champions-league-3d-mini-replica-trophy-on-pedestal-70mm-62470.html,49.99,False,True
Trent Alexander-Arnold,Trent Alexander-Arnold Back Signed Liverpool FC 2024-25 Home Shirt In Deluxe Packaging,354.99,GBP,Out of Stock,,2 working days,Signed shirts,Trent Alexander-Arnold,Deluxe Packaged,I3470D,https://www.icons.com/trent-alexander-arnold-back-signed-liverpool-2024-25-home-shirt-in-deluxe-packaging-18636.html,354.99,True,False
Trent Alexander-Arnold,Trent Alexander-Arnold Back Signed Liverpool FC 2019-20 Home Shirt In Deluxe Packaging,309.99,GBP,Out of Stock,375mm (H) x 315mm (W) x 40mm (D),2 working days,Signed shirts,Trent Alexander-Arnold,Deluxe Packaged,I1041D,https://www.icons.com/trent-alexander-arnold-back-signed-liverpool-fc-2019-20-home-shirt-in-deluxe-packaging-20740.html,309.99,True,False
Trent Alexander-Arnold,Trent Alexander-Arnold Back Signed Liverpool FC 2024-25 Home Shirt In Hero Frame: Option 1,519.99,GBP,Out of Stock,1015mm (W) x 750mm (H) x 25mm (D),1-5 working days,Signed shirts,Trent Alexander-Arnold,Framed,I3470HF1,https://www.icons.com/trent-alexander-arnold-back-signed-liverpool-2024-25-home-shirt-in-hero-frame-18638.html,519.99,True,False
Trent Alexander-Arnold,Trent Alexander-Arnold Back Signed Liverpool FC 2024-25 Home Shirt In Classic Frame,494.99,GBP,Out of Stock,885mm (H) x 780mm (W) x 30mm (D),1-5 working days,Signed shirts,Trent Alexander-Arnold,Framed,I3470CF,https://www.icons.com/trent-alexander-arnold-back-signed-liverpool-2024-25-home-shirt-in-classic-frame-18637.html,494.99,True,False
Trent Alexander-Arnold,Trent Alexander-Arnold Official UEFA Champions League Back Signed and Framed Liverpool FC 2024-25 Home Shirt,619.99,GBP,Out of Stock,875mm (H) x 785mm (W) x 38mm (D),1-5 working days,Signed shirts,Trent Alexander-Arnold,Framed,I3470UCLF,https://www.icons.com/trent-alexander-arnold-official-uefa-champions-league-back-signed-and-framed-liverpool-fc-2024-25-home-shirt-40916.html,619.99,True,False
Trent Alexander-Arnold,Trent Alexander-Arnold Back Signed Liverpool FC 2019-20 Home Shirt In Commentary Chart Frame,499.99,GBP,Out of Stock,1015mm (W) x 750mm (H) x 25mm (D),1-5 working days,Signed shirts,Trent Alexander-Arnold,Framed,I1041HFCC,https://www.icons.com/trent-alexander-arnold-signed-liverpool-2019-20-home-shirt-in-commentary-chart-frame-1.html,499.99,True,False
Trent Alexander-Arnold,Trent Alexander-Arnold Back Signed Liverpool FC 2019-20 Home Shirt In Hero Frame: Option 1,474.99,GBP,Out of Stock,1015mm (W) x 750mm (H) x 25mm (D),1-5 working days,Signed shirts,Trent Alexander-Arnold,Framed,I1041HF1,https://www.icons.com/trent-alexander-arnold-back-signed-liverpool-fc-2019-20-home-shirt-in-hero-frame-20742.html,474.99,True,False
Trent Alexander-Arnold,Trent Alexander-Arnold Back Signed Liverpool FC 2019-20 Home Shirt In Classic Frame,449.99,GBP,Out of Stock,885mm (H) x 780mm (W) x 30mm (D),1-5 working days,Signed shirts,Trent Alexander-Arnold,Framed,I1041CF,https://www.icons.com/trent-alexander-arnold-back-signed-liverpool-fc-2019-20-home-shirt-in-classic-frame-20741.html,449.99,True,False
Trent Alexander-Arnold,Trent Alexander-Arnold Front Signed Liverpool FC 2020-21 Home Shirt,249.99,GBP,Out of Stock,,2 working days,Signed shirts,Trent Alexander-Arnold,Unframed,TB1666,https://www.icons.com/trent-alexander-arnold-front-signed-liverpool-2020-21-home-shirt-41569.html,249.99,True,False
Trent Alexander-Arnold,Trent Alexander-Arnold Back Signed Liverpool FC 2021-22 Home Shirt,179.99,GBP,Out of Stock,,2 working days,Signed shirts,Trent Alexander-Arnold,Unframed,TB1580,https://www.icons.com/trent-alexander-arnold-back-signed-liverpool-fc-2021-22-home-shirt-34571.html,179.99,True,False
Trent Alexander-Arnold,Trent Alexander-Arnold Signed Under Armour Boot,219.99,GBP,Out of Stock,,2 working days,Signed boots,Trent Alexander-Arnold,Unframed,I1445,https://www.icons.com/trent-alexander-arnold-signed-under-armour-boot-07312.html,219.99,True,False
Trent Alexander-Arnold,Steven Gerrard & Trent Alexander-Arnold Signed Liverpool FC Photos In Dual Photo Frame,279.99,GBP,Out of Stock,16 x 12 inches,1-5 working days,Signed photos,"Steven Gerrard, Trent Alexander-Arnold",Framed,A10762A10850DP,https://www.icons.com/steven-gerrard-trent-alexander-arnold-signed-liverpool-fc-photos-in-dual-photo-frame-2.html,279.99,False,False
Trent Alexander-Arnold,Steven Gerrard & Trent Alexander-Arnold Signed Liverpool FC Photos In Dual Photo Frame,279.99,GBP,Out of Stock,16 x 12 inches,1-5 working days,Signed photos,"Steven Gerrard, Trent Alexander-Arnold",Framed,A10762ICTAALP1DP,https://www.icons.com/steven-gerrard-trent-alexander-arnold-signed-liverpool-fc-photos-in-dual-photo-frame-1.html,279.99,False,False
Trent Alexander-Arnold,Trent Alexander-Arnold Signed White and Black Under Armour Boot In Acrylic Case,299.99,GBP,Out of Stock,340mm (W) x 230mm (D) x 190mm (H),2 working days,Signed boots,Trent Alexander-Arnold,Acrylic Cased,ICTAAB3AD,https://www.icons.com/trent-alexander-arnold-signed-red-under-armour-boot-in-acrylic-case-2021.html,299.99,True,False
Trent Alexander-Arnold,Trent Alexander-Arnold Signed UEFA Champions League Final Football,249.99,GBP,Out of Stock,,2 working days,Signed balls,Trent Alexander-Arnold,Unframed,A10849,https://www.icons.com/trent-alexander-arnold-signed-uefa-champions-league-final-football-2021.html,249.99,True,False
Trent Alexander-Arnold,Trent Alexander-Arnold Signed White and Black Under Armour Boot,249.99,GBP,Out of Stock,,2 working days,Signed boots,Trent Alexander-Arnold,Unframed,ICTAAB3,https://www.icons.com/trent-alexander-arnold-signed-red-under-armour-boot-2021.html,249.99,True,False
Trent Alexander-Arnold,Trent Alexander-Arnold Back Signed England 2018-19 Home Shirt Home Shirt In Hero Frame: Option 1,399.99,GBP,Out of Stock,1015mm (W) x 750mm (H) x 25mm (D),1-5 working days,Signed shirts,Trent Alexander-Arnold,Framed,ICTAAES1HF1,https://www.icons.com/trent-alexander-arnold-back-signed-england-2018-19-home-shirt-home-shirt-in-hero-frame-option-1.html,399.99,True,False
Trent Alexander-Arnold,Dele Alli & Trent Alexander-Arnold Signed England Shirts In Classic Dual Frame,559.99,GBP,Out of Stock,1200mm (W) x 900mm (H) x 30mm (D),1-5 working days,Signed shirts,"Dele Alli, Trent Alexander-Arnold",Framed,ICDAES6ICTAAES1DS,https://www.icons.com/dele-alli-trent-alexander-arnold-signed-england-shirts-in-classic-dual-frame.html,559.99,False,False
Trent Alexander-Arnold,Trent Alexander-Arnold Back Signed Liverpool 2019-20 Home Shirt With Fan Style Numbers In Hero Frame: Option 1,449.99,GBP,Out of Stock,1015mm (W) x 750mm (H) x 25mm (D),1-5 working days,Signed shirts,Trent Alexander-Arnold,Framed,A10528HF1,https://www.icons.com/trent-alexander-arnold-back-signed-liverpool-2019-20-home-shirt-with-fan-style-numbers-in-hero-frame-option-1.html,449.99,True,False
Trent Alexander-Arnold,Trent Alexander-Arnold Back Signed Liverpool 2019-20 Home Shirt With Fan Style Numbers In Classic Frame,399.99,GBP,Out of Stock,885mm (H) x 780mm (W) x 30mm (D),1-5 working days,Signed shirts,Trent Alexander-Arnold,Framed,A10528CF,https://www.icons.com/trent-alexander-arnold-back-signed-liverpool-2019-20-home-shirt-with-fan-style-numbers-in-classic-frame.html,399.99,True,False
Trent Alexander-Arnold,Trent Alexander-Arnold Back Signed Liverpool 2019-20 Home Shirt With Fan Style Numbers,299.99,GBP,Out of Stock,,2 working days,Signed shirts,Trent Alexander-Arnold,Unframed,A10528,https://www.icons.com/trent-alexander-arnold-back-signed-liverpool-2019-20-home-shirt-with-fan-style-numbers.html,299.99,True,False
Trent Alexander-Arnold,Georginio Wijnaldum & Trent Alexander-Arnold Signed Special Edition Liverpool Shirts In Classic Dual Frame,749.99,GBP,Out of Stock,1200mm (W) x 900mm (H) x 30mm (D),1-5 working days,Signed shirts,"Georginio Wijnaldum, Multi-Signed, Trent Alexander-Arnold",Framed,ICGWLS3ICTAALS6DS,https://www.icons.com/georginio-wijnaldum-trent-alexander-arnold-signed-special-edition-liverpool-shirts-in-classic-dual-frame.html,749.99,False,False
Trent Alexander-Arnold,Trent Alexander-Arnold Signed Plaque and Photo Frame: Assist King,199.99,GBP,Out of Stock,16 x 12 inches,1-5 working days,Signed cards and plaques,Trent Alexander-Arnold,Framed,ICTAAPPLQ3,https://www.icons.com/trent-alexander-arnold-signed-plaque-and-photo-frame-assist-king.html,199.99,True,False
Trent Alexander-Arnold,Trent Alexander-Arnold Signed Plaque and Photo Frame: Fans' Favourite,199.99,GBP,Out of Stock,16 x 12 inches,1-5 working days,Signed cards and plaques,Trent Alexander-Arnold,Framed,ICTAAPPLQ2,https://www.icons.com/trent-alexander-arnold-signed-plaque-and-photo-frame-fans-favourite.html,199.99,True,False
Trent Alexander-Arnold,Trent Alexander-Arnold Signed Plaque and Photo Frame: 2019 UEFA Champions League Winner,199.99,GBP,Out of Stock,16 x 12 inches,1-5 working days,Signed cards and plaques,Trent Alexander-Arnold,Framed,ICTAAPPLQ1,https://www.icons.com/trent-alexander-arnold-signed-plaque-and-photo-frame-2019-uefa-champions-league-winner.html,199.99,True,False
Trent Alexander-Arnold,Trent Alexander-Arnold Front Signed Liverpool 2019-20 Home Shirt In Classic Frame: Premier League Champions Special Edition,399.99,GBP,Out of Stock,885mm (H) x 780mm (W) x 30mm (D),1-5 working days,Signed shirts,Trent Alexander-Arnold,Framed,ICTAALS6CF,https://www.icons.com/trent-alexander-arnold-front-signed-liverpool-2019-20-home-shirt-in-classic-frame-premier-league-champions-special-edition.html,399.99,True,False
Trent Alexander-Arnold,Trent Alexander-Arnold Front Signed Liverpool 2019-20 Home Shirt: Premier League Champions Special Edition,299.99,GBP,Out of Stock,,2 working days,Signed shirts,Trent Alexander-Arnold,Unframed,ICTAALS6,https://www.icons.com/trent-alexander-arnold-front-signed-liverpool-2019-20-home-shirt-premier-league-champions-special-edition.html,299.99,True,False
Trent Alexander-Arnold,Trent Alexander-Arnold Back Signed England 2018-19 Home Shirt With Fan Style Numbers In Classic Frame,349.99,GBP,Out of Stock,885mm (H) x 780mm (W) x 30mm (D),1-5 working days,Signed shirts,Trent Alexander-Arnold,Framed,ICTAAES2CF,https://www.icons.com/trent-alexander-arnold-back-signed-england-2018-19-home-shirt-with-fan-style-numbers-in-classic-frame.html,349.99,True,False
Trent Alexander-Arnold,Trent Alexander-Arnold Back Signed England 2018-19 Home Shirt With Fan Style Numbers,249.99,GBP,Out of Stock,,2 working days,Signed shirts,Trent Alexander-Arnold,Unframed,ICTAAES2,https://www.icons.com/trent-alexander-arnold-back-signed-england-2018-19-home-shirt-with-fan-style-numbers.html,249.99,True,False
Trent Alexander-Arnold,Official UEFA EURO 2020 3D Mini Replica Trophy On Pedestal,74.99,GBP,Out of Stock,,2 working days,Replica trophies,Unsigned,Unframed,ICRT8EUR,https://www.icons.com/official-uefa-euro-2020-3d-mini-replica-trophy-on-pedestal.html,74.99,False,False
Trent Alexander-Arnold,Official UEFA EURO 2020 3D Mini Replica Trophy,124.99,GBP,Out of Stock,,2 working days,Replica trophies,Unsigned,Unframed,ICRT7EUR,https://www.icons.com/official-uefa-euro-2020-3d-mini-replica-trophy.html,124.99,False,False
Trent Alexander-Arnold,"Trent Alexander-Arnold Front Signed Liverpool 2019-20 Home Shirt In Classic Frame: ""YNWA"" Edition",449.99,GBP,Out of Stock,,1-5 working days,Signed shirts,Trent Alexander-Arnold,Framed,ICTAALS5CF,https://www.icons.com/trent-alexander-arnold-front-signed-liverpool-2019-20-home-shirt-in-classic-frame-ynwa-edition.html,449.99,True,False
Trent Alexander-Arnold,"Trent Alexander-Arnold Front Signed Liverpool 2019-20 Home Shirt: ""YNWA"" Edition",349.99,GBP,Out of Stock,,2 working days,Signed shirts,Trent Alexander-Arnold,Unframed,ICTAALS5,https://www.icons.com/trent-alexander-arnold-front-signed-liverpool-2019-20-home-shirt-ynwa-edition.html,349.99,True,False
Trent Alexander-Arnold,Trent Alexander-Arnold Front Signed Liverpool 2019-20 Home Shirt In Classic Frame,349.99,GBP,Out of Stock,885mm (H) x 780mm (W) x 30mm (D),1-5 working days,Signed shirts,Trent Alexander-Arnold,Framed,ICTAALS4CF,https://www.icons.com/trent-alexander-arnold-front-signed-liverpool-2019-20-home-shirt-in-classic-frame.html,349.99,True,False
Trent Alexander-Arnold,Trent Alexander-Arnold Front Signed Liverpool 2019-20 Home Shirt,249.99,GBP,Out of Stock,,2 working days,Signed shirts,Trent Alexander-Arnold,Unframed,ICTAALS4,https://www.icons.com/trent-alexander-arnold-front-signed-liverpool-2019-20-home-shirt.html,249.99,True,False
Trent Alexander-Arnold,Trent Alexander-Arnold Back Signed England 2018-19 Home Shirt In Classic Frame,349.99,GBP,Out of Stock,885mm (H) x 780mm (W) x 30mm (D),1-5 working days,Signed shirts,Trent Alexander-Arnold,Framed,ICTAAES1CF,https://www.icons.com/trent-alexander-arnold-back-signed-england-2018-19-home-shirt-in-classic-frame.html,349.99,True,False
Trent Alexander-Arnold,Trent Alexander-Arnold Signed Red Under Armour Boot In Bubble Frame: Option 1,349.99,GBP,Out of Stock,610mm (W) x 520mm (H) x 127mm (D),1-5 working days,Signed boots,Trent Alexander-Arnold,Framed,ICTAAB1BUBF1,https://www.icons.com/trent-alexander-arnold-signed-red-under-armour-boot-in-bubble-frame-option-1.html,349.99,True,False
Trent Alexander-Arnold,Trent Alexander-Arnold Signed Red Under Armour Boot In Acrylic Case,299.99,GBP,Out of Stock,340mm (W) x 230mm (D) x 190mm (H),2 working days,Signed boots,Trent Alexander-Arnold,Acrylic Cased,ICTAAB1AD,https://www.icons.com/trent-alexander-arnold-signed-red-under-armour-boot-in-acrylic-case.html,299.99,True,False
Trent Alexander-Arnold,Trent Alexander-Arnold Signed Red Under Armour Boot,249.99,GBP,Out of Stock,,2 working days,Signed boots,Trent Alexander-Arnold,Unframed,ICTAAB1,https://www.icons.com/trent-alexander-arnold-signed-red-under-armour-boot.html,249.99,True,False
Trent Alexander-Arnold,"Trent Alexander-Arnold Signed 2019 UEFA Champions League Final Programme: ""#6Times"" Edition",199.99,GBP,Out of Stock,,2 working days,Signed books,Trent Alexander-Arnold,Unframed,ICTAALP3,https://www.icons.com/trent-alexander-arnold-signed-2019-uefa-champions-league-final-programme-6times-edition.html,199.99,True,False
Trent Alexander-Arnold,Trent Alexander-Arnold Signed 2019 UEFA Champions League Final Football,224.99,GBP,Out of Stock,,2 working days,Signed balls,Trent Alexander-Arnold,Unframed,ICTAAB2,https://www.icons.com/trent-alexander-arnold-signed-2019-uefa-champions-league-final-football.html,224.99,True,False
Trent Alexander-Arnold,Trent Alexander-Arnold Back Signed England 2018-19 Home Shirt,249.99,GBP,Out of Stock,,2 working days,Signed shirts,Trent Alexander-Arnold,Unframed,ICTAAES1,https://www.icons.com/trent-alexander-arnold-back-signed-england-2018-19-home-shirt.html,249.99,True,False
Trent Alexander-Arnold,Trent Alexander-Arnold Signed Black and Red Under Armour Boot In Bubble Frame: Option 1,399.99,GBP,Out of Stock,610mm (W) x 520mm (H) x 127mm (D),1-5 working days,Signed boots,Trent Alexander-Arnold,Framed,A10527BUBF1,https://www.icons.com/trent-alexander-arnold-signed-black-and-red-under-armour-boot-in-bubble-frame-option-1.html,399.99,True,False
Trent Alexander-Arnold,Trent Alexander-Arnold Signed Black and Red Under Armour Boot In Acrylic Case,299.99,GBP,Out of Stock,340mm (W) x 230mm (D) x 190mm (H),2 working days,Signed boots,Trent Alexander-Arnold,Acrylic Cased,A10527AD,https://www.icons.com/trent-alexander-arnold-signed-black-and-red-under-armour-boot-in-acrylic-case.html,299.99,True,False
Trent Alexander-Arnold,Trent Alexander-Arnold Signed Black and Red Under Armour Boot,249.99,GBP,Out of Stock,,2 working days,Signed boots,Trent Alexander-Arnold,Unframed,A10527,https://www.icons.com/trent-alexander-arnold-signed-black-and-red-under-armour-boot.html,249.99,True,False
Trent Alexander-Arnold,Trent Alexander-Arnold Signed Liverpool Photo In Black Wooden Frame: 2019 UEFA Champions League Winner,149.99,GBP,Out of Stock,16 x 12 inches,1-5 working days,Signed photos,Trent Alexander-Arnold,Framed,ICTAALP1BWF,https://www.icons.com/trent-alexander-arnold-signed-liverpool-photo-in-black-wooden-frame-2019-uefa-champions-league-winner.html,149.99,True,False
Trent Alexander-Arnold,Trent Alexander-Arnold Signed Liverpool Photo: 2019 UEFA Champions League Winner,99.99,GBP,Out of Stock,16 x 12 inches,2 working days,Signed photos,Trent Alexander-Arnold,Unframed,ICTAALP1,https://www.icons.com/trent-alexander-arnold-signed-liverpool-photo-2019-uefa-champions-league-winner.html,99.99,True,False
Dele Alli,Dele Alli Official 2018 FIFA World Cup™ Signed Plaque and Photo Frame: Goal vs Sweden,250.0,GBP,In Stock,,1-5 working days,Signed cards and plaques,Dele Alli,Framed,ICDAPLQ1FWC2018F1,https://www.icons.com/dele-alli-official-2018-fifa-world-cuptm-signed-plaque-and-photo-frame-goal-vs-sweden.html,250.0,True,True
Dele Alli,Dele Alli Official 2018 FIFA World Cup™ Back Signed and Hero Framed England 2018-19 Style T-Shirt,1100.0,GBP,In Stock,1030mm (W) x 745mm (H) x 33mm (D),1-5 working days,Signed shirts,Dele Alli,Framed,ICDAES7FWC2018HF1,https://www.icons.com/dele-alli-official-fifa-world-cup-back-signed-and-framed-england-2018-19-style-t-shirt-56039.html,1100.0,True,True
Dele Alli,Dele Alli Official 2018 FIFA World Cup™ Back Signed and Framed England 2018-19 Style T-Shirt,850.0,GBP,In Stock,885mm (H) x 780mm (W) x 30mm (D),1-5 working days,Signed shirts,Dele Alli,Framed,ICDAES7FWC2018F,https://www.icons.com/dele-alli-official-fifa-world-cup-back-signed-and-framed-england-2018-19-style-t-shirt-56038.html,850.0,True,True
Dele Alli,Dele Alli Signed Tottenham Hotspur 2018-19 Third Shirt Print In Black Wooden Frame: Limited Edition 'Dele 20',90.0,GBP,In Stock,16 x 12 inches,1-5 working days,Signed photos,Dele Alli,Framed,ICDASP20BWF,https://www.icons.com/dele-alli-signed-tottenham-hotspur-2018-19-third-shirt-print-in-black-wooden-frame-limited-edition-dele-20.html,90.0,True,True
Dele Alli,Dele Alli Official Tottenham Hotspur Signed and Framed T-Shirt,399.99,GBP,Out of Stock,1015mm (W) x 750mm (H) x 25mm (D),1-5 working days,Signed shirts,Dele Alli,Framed,I1281THFCF,https://www.icons.com/dele-alli-back-signed-tottenham-hotspur-t-shirt-49168.html,399.99,True,False
Dele Alli,Dele Alli Official UEFA Champions League Back Signed Tottenham Hotspur T-Shirt In Deluxe Packaging,300.0,GBP,Out of Stock,375mm (H) x 315mm (W) x 40mm (D),2 working days,Signed shirts,Dele Alli,Deluxe Packaged,I1281UCLD,https://www.icons.com/dele-alli-back-signed-tottenham-hotspur-t-shirt-ucl-boxed-49169.html,300.0,True,False
Dele Alli,Dele Alli Official UEFA Champions League Back Signed and Framed Tottenham Hotspur T-Shirt,429.99,GBP,Out of Stock,875mm (H) x 785mm (W) x 38mm (D),1-5 working days,Signed shirts,Dele Alli,Framed,I1281UCLF,https://www.icons.com/dele-alli-official-uefa-champions-league-back-signed-and-framed-tottenham-hotspur-t-shirt-40912.html,429.99,True,False
Dele Alli,WAREHOUSE SECONDS Dele Alli Signed Back Tottenham Hotspur Lab T-Shirt Grade A,79.0,GBP,Out of Stock,,2 working days,Signed shirts,Dele Alli,Unframed,Z2921,https://www.icons.com/warehouse-seconds-dele-alli-signed-back-tottenham-hotspur-lab-t-shirt-grade-a-34728.html,79.0,True,False
Dele Alli,Dele Alli Official UEFA Europa League Signed Back Totenham Hotspur Lab T-Shirt,179.99,GBP,Out of Stock,,2 working days,Signed shirts,Dele Alli,Unframed,I2829UEL,https://www.icons.com/official-europa-league-dele-alli-signed-back-totenham-hotspur-lab-t-shirt-13595.html,179.99,True,False
Dele Alli,Dele Alli Signed England Photo In Premium Photo Frame: 2018 FIFA World Cup Quarter-Final Goal vs Sweden,199.99,GBP,Out of Stock,,1-5 working days,Signed photos,Dele Alli,Framed,ICDAEP7PPF,https://www.icons.com/dele-alli-signed-england-photo-2018-fifa-world-cup-quarter-final-goal-vs-sweden-1.html,199.99,True,False
Dele Alli,Dele Alli Signed Landscape England Photo In Premium Photo Frame: Goal vs Malta,249.99,GBP,Out of Stock,16 x 12 inches,1-5 working days,Signed photos,Dele Alli,Framed,ICDAEP4PPF,https://www.icons.com/dele-alli-signed-landscape-england-photo-goal-vs-malta-1.html,249.99,True,False
Dele Alli,Dele Alli Official Tottenham Hotspur Back Signed and Framed Lab T-Shirt,399.99,GBP,Out of Stock,1015mm (W) x 750mm (H) x 25mm (D),1-5 working days,Signed shirts,Dele Alli,Framed,I2829THFCF,https://www.icons.com/dele-alli-back-signed-tottenham-hotspur-lab-t-shirt-49169.html,399.99,True,False
Dele Alli,Dele Alli Back Signed England 2016-17 Home Shirt,99.99,GBP,Out of Stock,,2 working days,Signed shirts,Dele Alli,Unframed,I2681,https://www.icons.com/dele-alli-back-signed-england-2016-17-home-shirt-32741.html,99.99,True,False
Dele Alli,Dele Alli Back Signed Tottenham Hotspur 2019-20 Home Shirt,199.99,GBP,Out of Stock,,2 working days,Signed shirts,Dele Alli,Unframed,A10464,https://www.icons.com/dele-alli-back-signed-tottenham-hotspur-2019-20-home-shirt-52801.html,199.99,True,False
Dele Alli,Dele Alli Back Signed Tottenham Hotspur 2016-17 Home Shirt Home Shirt In Hero Frame: Option 1,279.99,GBP,Out of Stock,1015mm (W) x 750mm (H) x 25mm (D),1-5 working days,Signed shirts,Dele Alli,Framed,ICDASS12HF1,https://www.icons.com/dele-alli-back-signed-tottenham-hotspur-2016-17-home-shirt-home-shirt-in-hero-frame-option-1.html,279.99,True,False
Dele Alli,Dele Alli Back Signed England 2016 Home Shirt: Number 10 Edition Home Shirt In Hero Frame: Option 1,279.99,GBP,Out of Stock,1015mm (W) x 750mm (H) x 25mm (D),1-5 working days,Signed shirts,Dele Alli,Framed,ICDAES4HF1,https://www.icons.com/dele-alli-back-signed-england-2016-home-shirt-number-10-edition-home-shirt-in-hero-frame-option-1.html,279.99,True,False
Dele Alli,Dele Alli Back Signed England 2016 Home Shirt: Number 10 Edition In Classic Frame,239.99,GBP,Out of Stock,885mm (H) x 780mm (W) x 30mm (D),1-5 working days,Signed shirts,Dele Alli,Framed,ICDAES4CF,https://www.icons.com/dele-alli-back-signed-england-2016-home-shirt-number-10-edition-in-classic-frame.html,239.99,True,False
Dele Alli,Dele Alli Front Signed England 2016 Home Shirt Home Shirt In Hero Frame: Option 1,399.99,GBP,Out of Stock,1015mm (W) x 750mm (H) x 25mm (D),1-5 working days,Signed shirts,Dele Alli,Framed,ICDAES2HF1,https://www.icons.com/dele-alli-front-signed-england-2016-home-shirt-home-shirt-in-hero-frame-option-1.html,399.99,True,False
Dele Alli,Dele Alli Front Signed England 2014-15 Home Shirt Home Shirt In Hero Frame: Option 1,97.49,GBP,Out of Stock,1015mm (W) x 750mm (H) x 25mm (D),1-5 working days,Signed shirts,Dele Alli,Framed,ICDAES1HF1,https://www.icons.com/dele-alli-front-signed-england-2014-15-home-shirt-home-shirt-in-hero-frame-option-1.html,97.49,True,False
Dele Alli,Dele Alli Front Signed Tottenham Hotspur 2018-19 Home Shirt Home Shirt In Hero Frame: Option 1,279.99,GBP,Out of Stock,1015mm (W) x 750mm (H) x 25mm (D),1-5 working days,Signed shirts,Dele Alli,Framed,ICDASS9HF1,https://www.icons.com/dele-alli-front-signed-tottenham-hotspur-2018-19-home-shirt-home-shirt-in-hero-frame-option-1.html,279.99,True,False
Dele Alli,Dele Alli Front Signed Tottenham Hotspur 2016-17 Home Shirt Home Shirt In Hero Frame: Option 1,244.99,GBP,Out of Stock,1015mm (W) x 750mm (H) x 25mm (D),1-5 working days,Signed shirts,Dele Alli,Framed,ICDASS11HF1,https://www.icons.com/dele-alli-front-signed-tottenham-hotspur-2016-17-home-shirt-home-shirt-in-hero-frame-option-1.html,244.99,True,False
Dele Alli,Dele Alli Back Signed England 2018-19 Home Shirt With Fan Style Numbers Home Shirt In Hero Frame: Option 1,299.99,GBP,Out of Stock,1015mm (W) x 750mm (H) x 25mm (D),1-5 working days,Signed shirts,Dele Alli,Framed,ICDAES6HF1,https://www.icons.com/dele-alli-back-signed-england-2018-19-home-shirt-with-fan-style-numbers-home-shirt-in-hero-frame-option-1.html,299.99,True,False
Dele Alli,Dele Alli Front Signed England 2018-19 Home Shirt Home Shirt In Hero Frame: Option 1,279.99,GBP,Out of Stock,1015mm (W) x 750mm (H) x 25mm (D),1-5 working days,Signed shirts,Dele Alli,Framed,ICDAES8HF1,https://www.icons.com/dele-alli-front-signed-england-2018-19-home-shirt-home-shirt-in-hero-frame-option-1.html,279.99,True,False
Dele Alli,Dele Alli & Trent Alexander-Arnold Signed England Shirts In Classic Dual Frame,559.99,GBP,Out of Stock,1200mm (W) x 900mm (H) x 30mm (D),1-5 working days,Signed shirts,"Dele Alli, Trent Alexander-Arnold",Framed,ICDAES6ICTAAES1DS,https://www.icons.com/dele-alli-trent-alexander-arnold-signed-england-shirts-in-classic-dual-frame.html,559.99,False,False
Dele Alli,Official UEFA EURO 2020 3D Mini Replica Trophy On Pedestal,74.99,GBP,Out of Stock,,2 working days,Replica trophies,Unsigned,Unframed,ICRT8EUR,https://www.icons.com/official-uefa-euro-2020-3d-mini-replica-trophy-on-pedestal.html,74.99,False,False
Dele Alli,Official UEFA EURO 2020 3D Mini Replica Trophy,124.99,GBP,Out of Stock,,2 working days,Replica trophies,Unsigned,Unframed,ICRT7EUR,https://www.icons.com/official-uefa-euro-2020-3d-mini-replica-trophy.html,124.99,False,False
Dele Alli,Dele Alli Signed Gold Adidas X Boot In Bubble Frame: Option 1,324.99,GBP,Out of Stock,610mm (W) x 520mm (H) x 127mm (D),1-5 working days,Signed boots,Dele Alli,Framed,ICDASB9BUF1,https://www.icons.com/dele-alli-signed-gold-adidas-x-boot-in-bubble-frame-option-1.html,324.99,True,False
Dele Alli,Dele Alli Front Signed Tottenham Hotspur 2016-17 Home Shirt In Classic Frame,209.99,GBP,Out of Stock,885mm (H) x 780mm (W) x 30mm (D),1-5 working days,Signed shirts,Dele Alli,Framed,ICDASS11CF,https://www.icons.com/dele-alli-front-signed-tottenham-hotspur-2016-17-home-shirt-in-classic-frame.html,209.99,True,False
Dele Alli,Dele Alli Front Signed England 2016 Home Shirt In Classic Frame,374.99,GBP,Out of Stock,885mm (H) x 780mm (W) x 30mm (D),1-5 working days,Signed shirts,Dele Alli,Framed,ICDAES2CF,https://www.icons.com/dele-alli-front-signed-england-2016-home-shirt-in-classic-frame.html,374.99,True,False
Dele Alli,Dele Alli Front Signed England 2014-15 Home Shirt In Classic Frame,82.49,GBP,Out of Stock,885mm (H) x 780mm (W) x 30mm (D),1-5 working days,Signed shirts,Dele Alli,Framed,ICDAES1CF,https://www.icons.com/dele-alli-front-signed-england-2014-15-home-shirt-in-classic-frame.html,82.49,True,False
Dele Alli,Dele Alli Back Signed Tottenham Hotspur 2016-17 Home Shirt In Classic Frame,239.99,GBP,Out of Stock,885mm (H) x 780mm (W) x 30mm (D),1-5 working days,Signed shirts,Dele Alli,Framed,ICDASS12CF,https://www.icons.com/dele-alli-back-signed-tottenham-hotspur-2016-17-home-shirt-in-classic-frame-35918.html,239.99,True,False
Dele Alli,Dele Alli Back Signed Tottenham Hotspur 2018-19 Home Shirt In Classic Frame: Premier League Edition,239.99,GBP,Out of Stock,885mm (H) x 780mm (W) x 30mm (D),1-5 working days,Signed shirts,Dele Alli,Framed,ICDASS13CF,https://www.icons.com/dele-alli-back-signed-tottenham-hotspur-2018-19-home-shirt-in-classic-frame-premier-league-edition.html,239.99,True,False
Dele Alli,Dele Alli Front Signed England 2018-19 Home Shirt In Classic Frame,239.99,GBP,Out of Stock,885mm (H) x 780mm (W) x 30mm (D),1-5 working days,Signed shirts,Dele Alli,Framed,ICDAES8CF,https://www.icons.com/dele-alli-front-signed-england-2018-19-home-shirt-in-classic-frame.html,239.99,True,False
Dele Alli,Dele Alli Back Signed England 2018-19 Home Shirt With Fan Style Numbers In Classic Frame,259.99,GBP,Out of Stock,885mm (H) x 780mm (W) x 30mm (D),1-5 working days,Signed shirts,Dele Alli,Framed,ICDAES6CF,https://www.icons.com/dele-alli-back-signed-england-2018-19-home-shirt-with-fan-style-numbers-in-classic-frame.html,259.99,True,False
Dele Alli,Dele Alli Front Signed England 2018-19 Home Shirt,159.99,GBP,Out of Stock,,2 working days,Signed shirts,Dele Alli,Unframed,ICDAES8,https://www.icons.com/dele-alli-front-signed-england-2018-19-home-shirt.html,159.99,True,False
Dele Alli,Dele Alli Back Signed England 2018-19 Home Shirt With Fan Style Numbers,179.99,GBP,Out of Stock,,2 working days,Signed shirts,Dele Alli,Unframed,ICDAES6,https://www.icons.com/dele-alli-back-signed-tottenham-hotspur-2016-17-home-shirt-65190.html,179.99,True,False
Dele Alli,Dele Alli Front Signed Tottenham Hotspur 2016-17 Home Shirt,139.99,GBP,Out of Stock,,2 working days,Signed shirts,Dele Alli,Unframed,ICDASS11,https://www.icons.com/dele-alli-back-signed-tottenham-hotspur-2016-17-home-shirt-80314.html,139.99,True,False
Dele Alli,Dele Alli Back Signed Tottenham Hotspur 2016-17 Home Shirt,159.99,GBP,Out of Stock,,2 working days,Signed shirts,Dele Alli,Unframed,ICDASS12,https://www.icons.com/dele-alli-back-signed-tottenham-hotspur-2016-17-home-shirt-12793.html,159.99,True,False
Dele Alli,Dele Alli Back Signed Tottenham Hotspur 2018-19 Home Shirt: Premier League Edition,199.99,GBP,Out of Stock,,2 working days,Signed shirts,Dele Alli,Unframed,ICDASS13,https://www.icons.com/dele-alli-back-signed-tottenham-hotspur-2018-19-home-shirt-premier-league-edition.html,199.99,True,False
Dele Alli,Dele Alli Signed Tottenham Hotspur Photo In Black Wooden Frame: North London Derby Goal vs Arsenal,149.99,GBP,Out of Stock,16 x 12 inches,1-5 working days,Signed photos,Dele Alli,Framed,ICDASP22BWF,https://www.icons.com/dele-alli-signed-tottenham-hotspur-photo-in-black-wooden-frame-north-london-derby-goal-vs-arsenal.html,149.99,True,False
Dele Alli,Dele Alli Signed Tottenham Hotspur Photo: North London Derby Goal vs Arsenal,99.99,GBP,Out of Stock,16 x 12 inches,2 working days,Signed photos,Dele Alli,Unframed,ICDASP22,https://www.icons.com/dele-alli-signed-tottenham-hotspur-photo-north-london-derby-goal-vs-arsenal.html,99.99,True,False
Dele Alli,Dele Alli Signed England Photo In Black Wooden Frame: 2018 FIFA World Cup Quarter-Final Goal vs Sweden,104.99,GBP,Out of Stock,16 x 12 inches,1-5 working days,Signed photos,Dele Alli,Framed,ICDAEP7BWF,https://www.icons.com/dele-alli-signed-england-photo-in-black-wooden-frame-2018-fifa-world-cup-quarter-final-goal-vs-sweden.html,104.99,True,False
Dele Alli,Dele Alli Signed Tottenham Hotspur 2018-19 Home Shirt In Classic Frame: Inaugural Match Edition,299.99,GBP,Out of Stock,885mm (H) x 780mm (W) x 30mm (D),1-5 working days,Signed shirts,Dele Alli,Framed,ICDASS8CF,https://www.icons.com/dele-alli-signed-tottenham-hotspur-2018-19-home-shirt-in-classic-frame-tottenham-stadium-inaugural-match-edition.html,299.99,True,False
Dele Alli,Dele Alli Back Signed Tottenham Hotspur 2018-19 Home Shirt In Classic Frame: UEFA Champions League Edition,239.99,GBP,Out of Stock,885mm (H) x 780mm (W) x 30mm (D),1-5 working days,Signed shirts,Dele Alli,Framed,ICDASS10CF,https://www.icons.com/dele-alli-back-signed-tottenham-hotspur-2018-19-home-shirt-in-classic-frame-uefa-champions-league-edition.html,239.99,True,False
Dele Alli,Dele Alli Back Signed Tottenham Hotspur 2018-19 Home Shirt: UEFA Champions League Edition,159.99,GBP,Out of Stock,,2 working days,Signed shirts,Dele Alli,Unframed,ICDASS10,https://www.icons.com/dele-alli-back-signed-tottenham-hotspur-2018-19-home-shirt-uefa-champions-league-edition.html,159.99,True,False
Dele Alli,Dele Alli Front Signed Tottenham Hotspur 2018-19 Home Shirt In Classic Frame,239.99,GBP,Out of Stock,885mm (H) x 780mm (W) x 30mm (D),1-5 working days,Signed shirts,Dele Alli,Framed,ICDASS9CF,https://www.icons.com/dele-alli-front-signed-tottenham-hotspur-2018-19-home-shirt-in-classic-frame.html,239.99,True,False
Dele Alli,Dele Alli Signed Tottenham Hotspur 2018-19 Home Shirt Print In Black Wooden Frame: Limited Edition 'Dele 20',44.99,GBP,Out of Stock,16 x 12 inches,1-5 working days,Signed photos,Dele Alli,Framed,ICDASP19BWF,https://www.icons.com/dele-alli-signed-tottenham-hotspur-2018-19-home-shirt-print-in-black-wooden-frame-limited-edition-dele-20.html,44.99,True,False
Dele Alli,Dele Alli Signed 2019 UEFA Champions League Finale Football,139.99,GBP,Out of Stock,,2 working days,Signed balls,Dele Alli,Unframed,ICDASB11,https://www.icons.com/dele-alli-signed-2019-uefa-champions-league-finale-football.html,139.99,True,False
Dele Alli,Dele Alli Signed Gold Adidas X Boot In Acrylic Case,179.99,GBP,Out of Stock,340mm (W) x 230mm (D) x 190mm (H),2 working days,Signed boots,Dele Alli,Acrylic Cased,ICDASB9AD,https://www.icons.com/dele-alli-signed-gold-adidas-x-boot-in-acrylic-case.html,179.99,True,False
Dele Alli,Dele Alli Signed Gold Adidas X Boot,139.99,GBP,Out of Stock,,2 working days,Signed boots,Dele Alli,Unframed,ICDASB9,https://www.icons.com/dele-alli-signed-gold-adidas-x-boot.html,139.99,True,False
Dele Alli,Dele Alli Front Signed Tottenham Hotspur 2018-19 Home Shirt,159.99,GBP,Out of Stock,,2 working days,Signed shirts,Dele Alli,Unframed,ICDASS9,https://www.icons.com/dele-alli-front-signed-tottenham-hotspur-2018-19-home-shirt.html,159.99,True,False
Dele Alli,Dele Alli Front Signed Tottenham Hotspur 2018-19 Home Shirt: Tottenham Stadium Inaugural Match Edition,199.99,GBP,Out of Stock,,2 working days,Signed shirts,Dele Alli,Unframed,ICDASS8,https://www.icons.com/dele-alli-front-signed-tottenham-hotspur-2018-19-home-shirt-tottenham-stadium-inaugural-match-edition.html,199.99,True,False
Dele Alli,Dele Alli Front Signed Tottenham Hotspur 2018-19 Home Shirt: 2019 UEFA Champions League Final Edition,199.99,GBP,Out of Stock,,2 working days,Signed shirts,Dele Alli,Unframed,ICDASS7,https://www.icons.com/dele-alli-front-signed-tottenham-hotspur-2018-19-home-shirt-2019-uefa-champions-league-final-edition.html,199.99,True,False
Dele Alli,Dele Alli Signed Tottenham Hotspur Photo: UEFA Champions League Semi-Final Victory vs Ajax,99.99,GBP,Out of Stock,16 x 12 inches,2 working days,Signed photos,Dele Alli,Unframed,ICDASP21,https://www.icons.com/dele-alli-signed-tottenham-hotspur-photo-uefa-champions-league-semi-final-victory-vs-ajax.html,99.99,True,False
Dele Alli,Dele Alli Back Signed MK Dons Home Shirt In Hero Frame: Option 1,324.99,GBP,Out of Stock,1015mm (W) x 750mm (H) x 25mm (D),1-5 working days,Signed shirts,Dele Alli,Framed,ICDAMKDS1HF1,https://www.icons.com/dele-alli-back-signed-mk-dons-home-shirt-in-hero-frame-option-1.html,324.99,True,False
Dele Alli,Dele Alli Back Signed Tottenham Hotspur 2018-19 Home Shirt With Fan Style Numbers In Hero Frame: Option 1,349.99,GBP,Out of Stock,1015mm (W) x 750mm (H) x 25mm (D),1-5 working days,Signed shirts,Dele Alli,Framed,ICDASS6HF1,https://www.icons.com/dele-alli-back-signed-tottenham-hotspur-2018-19-home-shirt-with-fan-style-numbers-in-hero-frame-option-1.html,349.99,True,False
Dele Alli,Dele Alli Back Signed England 2016 Home Shirt In Hero Frame: Option 1,349.99,GBP,Out of Stock,1015mm (W) x 750mm (H) x 25mm (D),1-5 working days,Signed shirts,Dele Alli,Framed,ICDAES3HF1,https://www.icons.com/dele-alli-back-signed-england-2016-home-shirt-in-hero-frame-option-1.html,349.99,True,False
Dele Alli,Dele Alli Back Signed England 2016 Home Shirt In Classic Frame,299.99,GBP,Out of Stock,885mm (H) x 780mm (W) x 30mm (D),1-5 working days,Signed shirts,Dele Alli,Framed,ICDAES3CF,https://www.icons.com/dele-alli-back-signed-england-2016-home-shirt-in-classic-frame.html,299.99,True,False
Dele Alli,Dele Alli Back Signed Tottenham Hotspur 2018-19 Home Shirt With Fan Style Numbers In Classic Frame,299.99,GBP,Out of Stock,885mm (H) x 780mm (W) x 30mm (D),1-5 working days,Signed shirts,Dele Alli,Framed,ICDASS6CF,https://www.icons.com/dele-alli-back-signed-tottenham-hotspur-2018-19-home-shirt-with-fan-style-numbers-in-classic-frame.html,299.99,True,False
Dele Alli,Dele Alli Back Signed Tottenham Hotspur 2018-19 Home Shirt With Fan Style Numbers,199.99,GBP,Out of Stock,,2 working days,Signed shirts,Dele Alli,Unframed,ICDASS6,https://www.icons.com/dele-alli-back-signed-tottenham-hotspur-2018-19-home-shirt-with-fan-style-numbers.html,199.99,True,False
Dele Alli,Dele Alli Back Signed Tottenham Hotspur 2017-18 Home Shirt In Hero Frame: Option 1,227.49,GBP,Out of Stock,1015mm (W) x 750mm (H) x 25mm (D),1-5 working days,Signed shirts,Dele Alli,Framed,ICDASS5HF1,https://www.icons.com/dele-alli-back-signed-tottenham-hotspur-2017-18-home-shirt-in-hero-frame-option-1.html,227.49,True,False
Dele Alli,Dele Alli Front Signed Tottenham Hotspur 2015-16 Home Shirt In Classic Frame,274.99,GBP,Out of Stock,885mm (H) x 780mm (W) x 30mm (D),1-5 working days,Signed shirts,Dele Alli,Framed,ICDASS1CF,https://www.icons.com/dele-alli-front-signed-tottenham-hotspur-2015-16-home-shirt-in-classic-frame.html,274.99,True,False
Dele Alli,Dele Alli Back Signed Tottenham Hotspur 2017-18 Home Shirt With Fan Style Numbers In Classic Frame,274.99,GBP,Out of Stock,885mm (H) x 780mm (W) x 30mm (D),1-5 working days,Signed shirts,Dele Alli,Framed,ICDASS5CF,https://www.icons.com/dele-alli-back-signed-tottenham-hotspur-2017-18-home-shirt-with-fan-style-numbers-in-classic-frame.html,274.99,True,False
Dele Alli,Dele Alli England Back Signed 2016-17 Home Shirt: Number 10 Side Signature,199.99,GBP,Out of Stock,,2 working days,Signed shirts,Dele Alli,Unframed,ICDAES5ENG,https://www.icons.com/dele-alli-england-back-signed-2016-17-home-shirt-number-10-side-signature.html,199.99,True,False
Dele Alli,Dele Alli Signed 2016-17 UEFA Champions League Football,149.99,GBP,Out of Stock,,2 working days,Signed balls,Dele Alli,Unframed,ICDAS10,https://www.icons.com/dele-alli-signed-2016-17-uefa-champions-league-football-03289.html,149.99,True,False
Dele Alli,Dele Alli Signed 2015-16 UEFA Champions League Football,104.99,GBP,Out of Stock,,2 working days,Signed balls,Dele Alli,Unframed,ICDAS9,https://www.icons.com/dele-alli-signed-2015-16-uefa-champions-league-football-73650.html,104.99,True,False
Dele Alli,Dele Alli Back Signed England 2016 Home Shirt: Number 10 Edition,159.99,GBP,Out of Stock,,2 working days,Signed shirts,Dele Alli,Unframed,ICDAES4,https://www.icons.com/dele-alli-back-signed-england-2016-home-shirt-number-10-edition.html,159.99,True,False
Dele Alli,Dele Alli Back Signed Tottenham Hotspur 2017-18 Home Shirt With Fan Style Numbers,139.99,GBP,Out of Stock,,2 working days,Signed shirts,Dele Alli,Unframed,ICDASS5,https://www.icons.com/dele-alli-back-signed-tottenham-hotspur-2017-18-home-shirt-with-fan-style-numbers.html,139.99,True,False
Dele Alli,Dele Alli Signed Tottenham Hotspur Photo: Goal vs Stoke City,39.99,GBP,Out of Stock,16 x 12 inches,2 working days,Signed photos,Dele Alli,Unframed,ICDASP12,https://www.icons.com/dele-alli-signed-tottenham-hotspur-photo-goal-vs-stoke-city.html,39.99,True,False
Dele Alli,Dele Alli Signed Tottenham Hotspur Photo In Black Wooden Frame: Brace vs Chelsea,89.99,GBP,Out of Stock,16 x 12 inches,1-5 working days,Signed photos,Dele Alli,Framed,ICDASP15BWF,https://www.icons.com/dele-alli-signed-tottenham-hotspur-photo-in-black-wooden-frame-brace-vs-chelsea.html,89.99,True,False
Dele Alli,Dele Alli Signed Tottenham Hotspur Photo In Black Wooden Frame: Goal vs Chelsea,89.99,GBP,Out of Stock,16 x 12 inches,1-5 working days,Signed photos,Dele Alli,Framed,ICDASP14BWF,https://www.icons.com/dele-alli-signed-tottenham-hotspur-photo-in-black-wooden-frame-goal-vs-chelsea.html,89.99,True,False
Dele Alli,Dele Alli Signed Tottenham Hotspur Photo In Black Wooden Frame: Wembley Goal vs Chelsea,89.99,GBP,Out of Stock,16 x 12 inches,1-5 working days,Signed photos,Dele Alli,Framed,ICDASP13BWF,https://www.icons.com/dele-alli-signed-tottenham-hotspur-photo-in-black-wooden-frame-wembley-goal-vs-chelsea.html,89.99,True,False
Dele Alli,Dele Alli Signed Tottenham Hotspur Photo In Black Wooden Frame: Goal vs Stoke City,89.99,GBP,Out of Stock,16 x 12 inches,1-5 working days,Signed photos,Dele Alli,Framed,ICDASP12BWF,https://www.icons.com/dele-alli-signed-tottenham-hotspur-photo-in-black-wooden-frame-goal-vs-stoke-city-06927.html,89.99,True,False
Dele Alli,"Dele Alli Signed Tottenham Hotspur Photo In Black Wooden Frame: With ""Happy Birthday"" Inscription",109.99,GBP,Out of Stock,16 x 12 inches,1-5 working days,Signed photos,Dele Alli,Framed,ICDASP10IBWF,https://www.icons.com/dele-alli-signed-tottenham-hotspur-photo-in-black-wooden-frame-fans-favourite-with-happy-birthday-inscription.html,109.99,True,False
Dele Alli,Dele Alli Back Signed MK Dons Home Shirt,174.99,GBP,Out of Stock,,2 working days,Signed shirts,Dele Alli,Unframed,ICDAMKDS1,https://www.icons.com/dele-alli-back-signed-mk-dons-home-shirt.html,174.99,True,False
Dele Alli,"Dele Alli Signed Tottenham Hotspur Photo In Black Wooden Frame: North London Derby Goal With ""COYS"" Inscription",109.99,GBP,Out of Stock,16 x 12 inches,1-5 working days,Signed photos,Dele Alli,Framed,ICDASP9IBWF,https://www.icons.com/dele-alli-signed-tottenham-hotspur-photo-in-black-wooden-frame-north-london-derby-goal-with-coys-inscription.html,109.99,True,False
Dele Alli,"Dele Alli Signed Tottenham Hotspur Photo: North London Derby Goal With ""COYS"" Inscription",59.99,GBP,Out of Stock,16 x 12 inches,2 working days,Signed photos,Dele Alli,Unframed,ICDASP9I,https://www.icons.com/dele-alli-signed-tottenham-hotspur-photo-north-london-derby-goal-with-coys-inscription.html,59.99,True,False
Dele Alli,"Dele Alli Signed Tottenham Hotspur Photo: Fans' Favourite With ""Happy Birthday"" Inscription",109.99,GBP,Out of Stock,16 x 12 inches,2 working days,Signed photos,Dele Alli,Unframed,ICDASP10I,https://www.icons.com/dele-alli-signed-tottenham-hotspur-photo-fans-favourite-with-happy-birthday-inscription.html,109.99,True,False
Dele Alli,Dele Alli Signed 2016-17 UEFA Champions League Football,89.99,GBP,Out of Stock,,2 working days,Signed balls,Dele Alli,Unframed,ICDASB8,https://www.icons.com/dele-alli-signed-2016-17-uefa-champions-league-football-76491.html,89.99,True,False
Dele Alli,Dele Alli Signed Blue and Green Adidas X 16.3 Boot,99.99,GBP,Out of Stock,,2 working days,Signed boots,Dele Alli,Unframed,ICDASB6,https://www.icons.com/dele-alli-signed-blue-and-green-adidas-x-16-3-boot.html,99.99,True,False
Dele Alli,Dele Alli Signed White and Green Adidas X 16.4 Boot,99.99,GBP,Out of Stock,,2 working days,Signed boots,Dele Alli,Unframed,ICDASB7,https://www.icons.com/dele-alli-signed-white-and-green-adidas-x-16-4-boot.html,99.99,True,False
Dele Alli,Dele Alli Signed Black and Blue Adidas ACE Purecontrol Boot,174.99,GBP,Out of Stock,,2 working days,Signed boots,Dele Alli,Unframed,ICDASB5,https://www.icons.com/dele-alli-signed-black-and-blue-adidas-ace-purecontrol-boot.html,174.99,True,False
Dele Alli,Dele Alli Back Signed Tottenham Hotspur 2016-17 Home Shirt,174.99,GBP,Out of Stock,,2 working days,Signed shirts,Dele Alli,Unframed,ICDASS4,https://www.icons.com/dele-alli-back-signed-tottenham-hotspur-2016-17-home-shirt.html,174.99,True,False
Dele Alli,Dele Alli Signed Portrait England Photo In Black Wooden Frame: Goal vs Malta,23.99,GBP,Out of Stock,16 x 12 inches,1-5 working days,Signed photos,Dele Alli,Framed,ICDAEP3BWF,https://www.icons.com/dele-alli-signed-portrait-england-photo-in-black-wooden-frame-goal-vs-malta.html,23.99,True,False
Dele Alli,Dele Alli Signed Portrait England Photo: Goal vs Malta,12.0,GBP,Out of Stock,16 x 12 inches,2 working days,Signed photos,Dele Alli,Unframed,ICDAEP3,https://www.icons.com/dele-alli-signed-portrait-england-photo-goal-vs-malta.html,12.0,True,False
Dele Alli,Dele Alli Signed Tottenham Hotspur Photo: Celebrating With Harry Kane,19.99,GBP,Out of Stock,16 x 12 inches,2 working days,Signed photos,Dele Alli,Unframed,ICDASP17,https://www.icons.com/dele-alli-signed-tottenham-hotspur-photo-celebrating-with-harry-kane.html,19.99,True,False
Dele Alli,Dele Alli Signed Tottenham Hotspur Photo: Brace vs Chelsea,39.99,GBP,Out of Stock,16 x 12 inches,2 working days,Signed photos,Dele Alli,Unframed,ICDASP15,https://www.icons.com/dele-alli-signed-tottenham-hotspur-photo-brace-vs-chelsea.html,39.99,True,False
Dele Alli,Dele Alli Signed Tottenham Hotspur Photo: Goal vs Chelsea,39.99,GBP,Out of Stock,16 x 12 inches,2 working days,Signed photos,Dele Alli,Unframed,ICDASP14,https://www.icons.com/dele-alli-signed-tottenham-hotspur-photo-goal-vs-chelsea.html,39.99,True,False
Dele Alli,Dele Alli Signed Tottenham Hotspur Photo: Wembley Goal vs Chelsea,39.99,GBP,Out of Stock,16 x 12 inches,2 working days,Signed photos,Dele Alli,Unframed,ICDASP13,https://www.icons.com/dele-alli-signed-tottenham-hotspur-photo-wembley-goal-vs-chelsea.html,39.99,True,False
Dele Alli,Dele Alli Signed Tottenham Hotspur Photo In Black Wooden Frame: Fans' Favourite,89.99,GBP,Out of Stock,16 x 12 inches,1-5 working days,Signed photos,Dele Alli,Framed,ICDASP10BWF,https://www.icons.com/dele-alli-signed-tottenham-hotspur-photo-in-black-wooden-frame-fans-favourite.html,89.99,True,False
Dele Alli,Dele Alli Signed Tottenham Hotspur Photo: Fans' Favourite,39.99,GBP,Out of Stock,16 x 12 inches,2 working days,Signed photos,Dele Alli,Unframed,ICDASP10,https://www.icons.com/dele-alli-signed-tottenham-hotspur-photo-fans-favourite.html,39.99,True,False
Dele Alli,Dele Alli Signed Tottenham Hotspur Photo In Black Wooden Frame: North London Derby Goal,79.99,GBP,Out of Stock,16 x 12 inches,1-5 working days,Signed photos,Dele Alli,Framed,ICDASP9BWF,https://www.icons.com/dele-alli-signed-tottenham-hotspur-photo-in-black-wooden-frame-north-london-derby-goal.html,79.99,True,False
Dele Alli,Dele Alli Signed Tottenham Hotspur Photo: North London Derby Goal,39.99,GBP,Out of Stock,16 x 12 inches,2 working days,Signed photos,Dele Alli,Unframed,ICDASP9,https://www.icons.com/dele-alli-signed-tottenham-hotspur-photo-north-london-derby-goal.html,39.99,True,False
Dele Alli,Dele Alli Signed Tottenham Hotspur Photo In Black Wooden Frame: Goal vs Arsenal,79.99,GBP,Out of Stock,16 x 12 inches,1-5 working days,Signed photos,Dele Alli,Framed,ICDASP8BWF,https://www.icons.com/dele-alli-signed-tottenham-hotspur-photo-in-black-wooden-frame-goal-vs-arsenal.html,79.99,True,False
Dele Alli,Dele Alli Signed Tottenham Hotspur Photo: Goal vs Arsenal,39.99,GBP,Out of Stock,16 x 12 inches,2 working days,Signed photos,Dele Alli,Unframed,ICDASP8,https://www.icons.com/dele-alli-signed-tottenham-hotspur-photo-goal-vs-arsenal.html,39.99,True,False
Dele Alli,Dele Alli Back Signed Tottenham Hotspur 2016-17 Home Shirt In Classic Frame,274.99,GBP,Out of Stock,885mm (H) x 780mm (W) x 30mm (D),1-5 working days,Signed shirts,Dele Alli,Framed,ICDASS3CF,https://www.icons.com/dele-alli-back-signed-tottenham-hotspur-2016-17-home-shirt-in-classic-frame.html,274.99,True,False
Dele Alli,Dele Alli Signed Tottenham Hotspur Photo In Black Wooden Frame: UEFA Champions League Debut,99.99,GBP,Out of Stock,16 x 12 inches,1-5 working days,Signed photos,Dele Alli,Framed,ICDASP7BF,https://www.icons.com/dele-alli-signed-tottenham-hotspur-photo-in-black-wooden-frame-uefa-champions-league-debut.html,99.99,True,False
Dele Alli,Dele Alli Back Signed and Framed Tottenham Hotspur 2016-17 Home Shirt,374.99,GBP,Out of Stock,880mm (H) x 790mm (W) x 25mm (D),1-5 working days,Signed shirts,Dele Alli,Framed,ICDASS3F,https://www.icons.com/dele-alli-back-signed-and-framed-tottenham-hotspur-2016-17-home-shirt.html,374.99,True,False
Dele Alli,Dele Alli Signed 2015-16 UEFA Champions League Football In Acrylic Case,224.99,GBP,Out of Stock,260mm (W) x 260mm (D) x 265mm (H),2 working days,Signed balls,Dele Alli,Acrylic Cased,ICDASB2F,https://www.icons.com/dele-alli-signed-2015-16-uefa-champions-league-football-in-acrylic-case.html,224.99,True,False
Dele Alli,Dele Alli Front Signed England 2016 Home Shirt,199.99,GBP,Out of Stock,,2 working days,Signed shirts,Dele Alli,Unframed,ICDAES2,https://www.icons.com/dele-alli-front-signed-england-2016-home-shirt.html,199.99,True,False
Julián Álvarez,UNSIGNED Official 2022 FIFA World Cup™ Framed Argentina Photo: 2022 Winners,200.0,GBP,In Stock,16 x 12 inches,1-5 working days,Unsigned photos,Unsigned,Framed,ICARGP2FWC2022F,https://www.icons.com/unsigned-official-2022-fifa-world-cuptm-framed-argentina-photo-2022-winners.html,200.0,False,True
Julián Álvarez,UNSIGNED Official 2022 FIFA World Cup™ Framed Argentina Montage Print: 2022 Winners,200.0,GBP,In Stock,16 x 12 inches,1-5 working days,Unsigned photos,Unsigned,Framed,ICARGP4FWC2022F,https://www.icons.com/unsigned-argentina-official-2022-fifa-world-cup-framed-argentina-montage-print-2022-winners-29825.html,200.0,False,True
Julián Álvarez,Julian Alvarez Signed and Framed Programme: 2023 UEFA Champions League Final,299.99,GBP,In Stock,,1-5 working days,Miscellaneous,Julian Alvarez,Framed,I2872IPROF1,https://www.icons.com/julian-alvarez-signed-2023-uefa-champions-league-final-programme-in-programme-frame-98511.html,299.99,True,True
Julián Álvarez,Jack Grealish & Julian Alvarez Dual Signed and Framed Programme: 2023 UEFA Champions League Final,399.99,GBP,In Stock,,2 working days,Miscellaneous,Multi-Signed,Unframed,I2990IPROF1,https://www.icons.com/jack-grealish-julian-alvarez-dual-signed-uefa-champions-league-final-2022-programme-in-programme-frame-82494.html,399.99,False,True
Julián Álvarez,Julian Alvarez Official 2022 FIFA World Cup™ Back Signed and Hero Framed Argentina 2022 Home Shirt,1100.0,GBP,Out of Stock,1015mm (W) x 750mm (H) x 25mm (D),1-5 working days,Signed shirts,Julian Alvarez,Framed,I2863FWC2022HF1,https://www.icons.com/julian-alvarez-official-fifa-world-cup-back-signed-and-framed-argentina-2022-home-shirt-52618.html,1100.0,True,False
Julián Álvarez,"Julian Alvarez, Emiliano Martinez and Lionel Messi Front Signed Argentina 2022 Home Shirt In Classic Frame",2500.0,GBP,Out of Stock,885mm (H) x 780mm (W) x 30mm (D),1-5 working days,Signed shirts,Multi-Signed,Framed,I2868CF,https://www.icons.com/julian-alvarez-emiliano-martinez-and-lionel-messi-front-signed-argentina-2022-home-shirt-in-classic-frame-73816.html,2500.0,False,False
Julián Álvarez,Julian Alvarez Official 2026 FIFA World Cup™ Front Signed and Hero Framed Argentina 2022 Home Shirt,1100.0,GBP,Out of Stock,1030mm (W) x 745mm (H) x 33mm (D),1-5 working days,Signed shirts,Julian Alvarez,Framed,I2864FWC2026HF1,https://www.icons.com/julian-alvarez-official-fifa-world-cup-2026-front-signed-and-framed-argentina-2022-home-shirt-13101.html,1100.0,True,False
Julián Álvarez,Julian Alvarez Official 2026 FIFA World Cup™ Front Signed and Framed Argentina 2022 Home Shirt,850.0,GBP,Out of Stock,885mm (H) x 780mm (W) x 30mm (D),1-5 working days,Signed shirts,Julian Alvarez,Framed,I2864FWC2026F,https://www.icons.com/julian-alvarez-official-fifa-world-cup-2026-front-signed-and-framed-argentina-2022-home-shirt-13100.html,850.0,True,False
Julián Álvarez,Julian Alvarez Back Signed Manchester City 2023-24 Home Shirt  In Hero Frame: Option 1,499.99,GBP,Out of Stock,1015mm (W) x 750mm (H) x 25mm (D),1-5 working days,Signed shirts,Julian Alvarez,Framed,I2866HF1,https://www.icons.com/julian-alvarez-back-signed-manchester-city-2023-24-home-shirt-in-hero-frame-option-1-02641.html,499.99,True,False
Julián Álvarez,Julian Alvarez Back Signed Manchester City 2023-24 Home Shirt  In Classic Frame,474.99,GBP,Out of Stock,885mm (H) x 780mm (W) x 30mm (D),1-5 working days,Signed shirts,Julian Alvarez,Framed,I2866CF,https://www.icons.com/julian-alvarez-back-signed-manchester-city-2023-24-home-shirt-in-classic-frame-98426.html,474.99,True,False
Julián Álvarez,Julian Alvarez Back Signed Manchester City 2023-24 Home Shirt  In Deluxe Packaging,334.99,GBP,Out of Stock,375mm (H) x 315mm (W) x 40mm (D),2 working days,Signed shirts,Julian Alvarez,Deluxe Packaged,I2866D,https://www.icons.com/julian-alvarez-back-signed-manchester-city-2023-24-home-shirt-in-deluxe-packaging-63254.html,334.99,True,False
Julián Álvarez,Julian Alvarez Signed Adidas X Speedportal .1 Boot In Deluxe Packaging,434.99,GBP,Out of Stock,340mm (W) x 220mm (H) x 110mm (D),2 working days,Signed boots,Julian Alvarez,Deluxe Packaged,I2873D,https://www.icons.com/julian-alvarez-signed-adidas-x-speedportal-1-boot-deluxe-packaging-13755.html,434.99,True,False
Julián Álvarez,Julian Alvarez Front Signed Argentina 2022 Home Shirt In Deluxe Packaging,284.99,GBP,Out of Stock,375mm (H) x 315mm (W) x 40mm (D),2 working days,Signed shirts,Julian Alvarez,Deluxe Packaged,I2864D,https://www.icons.com/julian-alvarez-front-signed-argentina-2022-home-shirt-in-deluxe-packaging-92643.html,284.99,True,False
Julián Álvarez,Julian Alvarez Back Signed Argentina 2022 Home Shirt In Deluxe Packaging,334.99,GBP,Out of Stock,375mm (H) x 315mm (W) x 40mm (D),2 working days,Signed shirts,Julian Alvarez,Deluxe Packaged,I2863D,https://www.icons.com/julian-alvarez-back-signed-argentina-2022-home-shirt-in-deluxe-packaging-78029.html,334.99,True,False
Julián Álvarez,Julian Alvarez Official 2022 FIFA World Cup™ Signed and Framed Argentina Photo: 2022 Winner,250.0,GBP,Out of Stock,16 x 12 inches,1-5 working days,Signed photos,Julian Alvarez,Framed,I2875FWC2022F,https://www.icons.com/julian-alvarez-signed-argentina-2022-fifa-world-cup-winner-photo-93178.html,250.0,True,False
Julián Álvarez,Julian Alvarez Official 2022 FIFA World Cup™ Signed Football In Acrylic Case,500.0,GBP,Out of Stock,260mm (W) x 260mm (D) x 265mm (H),2 working days,Signed balls,Julian Alvarez,Acrylic Cased,I2870FWC2022AD,https://www.icons.com/julian-alvarez-signed-2022-world-cup-football-54315.html,500.0,True,False
Julián Álvarez,Julian Alvarez Official 2022 FIFA World Cup™ Front Signed and Hero Framed Argentina 2022 Home Shirt,1100.0,GBP,Out of Stock,1015mm (W) x 750mm (H) x 25mm (D),1-5 working days,Signed shirts,Julian Alvarez,Framed,I2864FWC2022HF1,https://www.icons.com/julian-alvarez-official-fifa-world-cup-front-signed-and-framed-argentina-2022-home-shirt-13099.html,1100.0,True,False
Julián Álvarez,Julian Alvarez Signed Adidas X Speedportal .1 Boot In Bubble Frame: Option 1,549.99,GBP,Out of Stock,610mm (W) x 520mm (H) x 127mm (D),1-5 working days,Signed boots,Julian Alvarez,Framed,I2873BUBF1,https://www.icons.com/julian-alvarez-signed-adidas-x-speedportal-1-boot-bubble-frame-13757.html,549.99,True,False
Julián Álvarez,Julian Alvarez Signed Adidas X Speedportal .1 Boot In Acrylic Case,449.99,GBP,Out of Stock,340mm (W) x 230mm (D) x 190mm (H),2 working days,Signed boots,Julian Alvarez,Acrylic Cased,I2873AD,https://www.icons.com/julian-alvarez-signed-adidas-x-speedportal-1-boot-acrylic-case-13756.html,449.99,True,False
Julián Álvarez,Julian Alvarez Official UEFA Champions League Final Signed Football In Acrylic Case,299.99,GBP,Out of Stock,260mm (W) x 260mm (D) x 265mm (H),2 working days,Signed balls,Julian Alvarez,Acrylic Cased,I2871UCLAD,https://www.icons.com/julian-alvarez-signed-champions-league-istanbul-football-71822.html,299.99,True,False
Julián Álvarez,Julian Alvarez Signed 2022 FIFA World Cup Football In Acrylic Case,249.99,GBP,Out of Stock,260mm (W) x 260mm (D) x 265mm (H),2 working days,Signed balls,Julian Alvarez,Acrylic Cased,I2870AD,https://www.icons.com/julian-alvarez-signed-2022-world-cup-football-54313.html,249.99,True,False
Julián Álvarez,Julian Alvarez Signed UEFA Champions League Final Football In Acrylic Case,249.99,GBP,Out of Stock,260mm (W) x 260mm (D) x 265mm (H),2 working days,Signed balls,Julian Alvarez,Acrylic Cased,I2871AD,https://www.icons.com/julian-alvarez-signed-champions-league-istanbul-football-71821.html,249.99,True,False
Julián Álvarez,Julian Alvarez Signed Montage Print In Premium Photo Frame: Career Honours,224.99,GBP,Out of Stock,16 x 12 inches,1-5 working days,Signed photos,Julian Alvarez,Framed,I2876PPF,https://www.icons.com/julian-alvarez-signed-career-stats-montage-photo-96414.html,224.99,True,False
Julián Álvarez,Julian Alvarez Signed Argentina Photo In Premium Photo Frame: 2022 FIFA World Cup Winner,199.99,GBP,Out of Stock,16 x 12 inches,1-5 working days,Signed photos,Julian Alvarez,Framed,I2875PPF,https://www.icons.com/julian-alvarez-signed-argentina-2022-fifa-world-cup-winner-photo-93176.html,199.99,True,False
Julián Álvarez,"Julian Alvarez Back Signed Argentina 2022 Home Shirt - ""2022 FIFA World Cup Winner"" Inscription In Hero Frame: Option 1",949.99,GBP,Out of Stock,1015mm (W) x 750mm (H) x 25mm (D),1-5 working days,Signed shirts,Julian Alvarez,Framed,I2899HF1,https://www.icons.com/julian-alvarez-back-signed-argentina-2022-home-shirt-2022-fifa-world-cup-winner-inscription-in-hero-frame-option-1-64730.html,949.99,True,False
Julián Álvarez,"Julian Alvarez Back Signed Argentina 2022 Home Shirt - ""2022 FIFA World Cup Winner"" Inscription In Classic Frame",924.99,GBP,Out of Stock,885mm (H) x 780mm (W) x 30mm (D),1-5 working days,Signed shirts,Julian Alvarez,Framed,I2899CF,https://www.icons.com/julian-alvarez-back-signed-argentina-2022-home-shirt-2022-fifa-world-cup-winner-inscription-in-classic-frame-38062.html,924.99,True,False
Julián Álvarez,Julian Alvarez Front Signed Argentina 2022 Home Shirt In Hero Frame: Option 1,449.99,GBP,Out of Stock,1015mm (W) x 750mm (H) x 25mm (D),1-5 working days,Signed shirts,Julian Alvarez,Framed,I2864HF1,https://www.icons.com/julian-alvarez-front-signed-argentina-2022-home-shirt-in-hero-frame-option-1-54891.html,449.99,True,False
Julián Álvarez,Julian Alvarez Front Signed Argentina 2022 Home Shirt In Classic Frame,424.99,GBP,Out of Stock,885mm (H) x 780mm (W) x 30mm (D),1-5 working days,Signed shirts,Julian Alvarez,Framed,I2864CF,https://www.icons.com/julian-alvarez-front-signed-argentina-2022-home-shirt-in-classic-frame-94157.html,424.99,True,False
Julián Álvarez,Julian Alvarez Front Signed River Plate 2020-21 Home Shirt In Hero Frame: Option 1,449.99,GBP,Out of Stock,1015mm (W) x 750mm (H) x 25mm (D),1-5 working days,Signed shirts,Julian Alvarez,Framed,I2867HF1,https://www.icons.com/julian-alvarez-front-signed-river-plate-2020-21-home-shirt-in-hero-frame-option-1-08135.html,449.99,True,False
Julián Álvarez,Julian Alvarez Front Signed River Plate 2020-21 Home Shirt In Classic Frame,424.99,GBP,Out of Stock,885mm (H) x 780mm (W) x 30mm (D),1-5 working days,Signed shirts,Julian Alvarez,Framed,I2867CF,https://www.icons.com/julian-alvarez-front-signed-river-plate-2020-21-home-shirt-in-classic-frame-31076.html,424.99,True,False
Julián Álvarez,Julian Alvarez Official UEFA Champions League Front Signed and Hero Framed Manchester City 2022-23 Home Shirt,599.99,GBP,Out of Stock,920mm (H) x 1120mm (W) x 20mm (D),1-5 working days,Signed shirts,Julian Alvarez,Framed,I2877UCLHF,https://www.icons.com/julian-alvarez-official-uefa-champions-league-front-signed-and-hero-framed-manchester-city-2022-23-home-shirt-10365.html,599.99,True,False
Julián Álvarez,Julian Alvarez Official UEFA Champions League Front Signed and Framed Manchester City 2022-23 Home Shirt,549.99,GBP,Out of Stock,875mm (H) x 785mm (W) x 38mm (D),1-5 working days,Signed shirts,Julian Alvarez,Framed,I2877UCLF,https://www.icons.com/julian-alvarez-official-uefa-champions-league-front-signed-and-framed-manchester-city-2022-23-home-shirt-34610.html,549.99,True,False
Julián Álvarez,Julian Alvarez Official UEFA Champions League Back Signed and Hero Framed Manchester City 2023-24 Home Shirt,649.99,GBP,Out of Stock,920mm (H) x 1120mm (W) x 20mm (D),1-5 working days,Signed shirts,Julian Alvarez,Framed,I2866UCLHF,https://www.icons.com/julian-alvarez-official-uefa-champions-league-back-signed-and-hero-framed-manchester-city-2023-24-home-shirt-14730.html,649.99,True,False
Julián Álvarez,Julian Alvarez Official UEFA Champions League Back Signed and Framed Manchester City 2023-24 Home Shirt,599.99,GBP,Out of Stock,875mm (H) x 785mm (W) x 38mm (D),1-5 working days,Signed shirts,Julian Alvarez,Framed,I2866UCLF,https://www.icons.com/julian-alvarez-official-uefa-champions-league-back-signed-and-framed-manchester-city-2023-24-home-shirt-46392.html,599.99,True,False
Julián Álvarez,Julian Alvarez Official UEFA Champions League Back Signed and Hero Framed Manchester City 2023-24 Home Shirt,649.99,GBP,Out of Stock,920mm (H) x 1120mm (W) x 20mm (D),1-5 working days,Signed shirts,Julian Alvarez,Framed,I2865UCLHF,https://www.icons.com/julian-alvarez-official-uefa-champions-league-back-signed-and-hero-framed-manchester-city-2023-24-home-shirt-52071.html,649.99,True,False
Julián Álvarez,Julian Alvarez Official UEFA Champions League Back Signed and Framed Manchester City 2023-24 Home Shirt,599.99,GBP,Out of Stock,875mm (H) x 785mm (W) x 38mm (D),1-5 working days,Signed shirts,Julian Alvarez,Framed,I2865UCLF,https://www.icons.com/julian-alvarez-official-uefa-champions-league-back-signed-and-framed-manchester-city-2023-24-home-shirt-32718.html,599.99,True,False
Julián Álvarez,Julian Alvarez Back Signed Argentina 2022 Home Shirt In Hero Frame: Option 1,499.99,GBP,Out of Stock,1015mm (W) x 750mm (H) x 25mm (D),1-5 working days,Signed shirts,Julian Alvarez,Framed,I2863HF1,https://www.icons.com/julian-alvarez-back-signed-argentina-2022-home-shirt-in-hero-frame-option-1-32691.html,499.99,True,False
Julián Álvarez,Julian Alvarez Back Signed Argentina 2022 Home Shirt In Classic Frame,474.99,GBP,Out of Stock,885mm (H) x 780mm (W) x 30mm (D),1-5 working days,Signed shirts,Julian Alvarez,Framed,I2863CF,https://www.icons.com/julian-alvarez-back-signed-argentina-2022-home-shirt-in-classic-frame-27495.html,474.99,True,False
Julián Álvarez,Julian Alvarez Signed Montage Print In Black Wooden Frame: Career Honours,174.99,GBP,Out of Stock,16 x 12 inches,1-5 working days,Signed photos,Julian Alvarez,Framed,I2876BWF,https://www.icons.com/julian-alvarez-signed-career-stats-montage-photo-41675.html,174.99,True,False
Julián Álvarez,Julian Alvarez Signed Argentina Photo In Black Wooden Frame: 2022 FIFA World Cup Winner Photo,149.99,GBP,Out of Stock,16 x 12 inches,1-5 working days,Signed photos,Julian Alvarez,Framed,I2875BWF,https://www.icons.com/julian-alvarez-signed-argentina-2022-fifa-world-cup-winner-photo-57638.html,149.99,True,False
Julián Álvarez,Julian Alvarez Official UEFA Champions League Signed and Framed Manchester City Photo: 2023 Winner,249.99,GBP,Out of Stock,16 x 12 inches,1-5 working days,Signed photos,Julian Alvarez,Framed,I2874UCLF,https://www.icons.com/julian-alvarez-official-uefa-champions-league-signed-and-framed-manchester-city-2023-uefa-champions-league-winner-photo-57243.html,249.99,True,False
Julián Álvarez,Julian Alvarez Signed Manchester City Photo In Black Wooden Frame: 2023 UEFA Champions League Winner,149.99,GBP,Out of Stock,16 x 12 inches,1-5 working days,Signed photos,Julian Alvarez,Framed,I2874BWF,https://www.icons.com/julian-alvarez-signed-manchester-city-2023-uefa-champions-league-winner-photo-62193.html,149.99,True,False
Julián Álvarez,Julian Alvarez Front Signed Manchester City 2022-23 Home Shirt,249.99,GBP,Out of Stock,,2 working days,Signed shirts,Julian Alvarez,Unframed,I2877,https://www.icons.com/julian-alvarez-front-signed-manchester-city-2022-23-european-home-shirt-48172.html,249.99,True,False
Julián Álvarez,Julian Alvarez Front Signed River Plate 2020-21 Home Shirt,249.99,GBP,Out of Stock,,2 working days,Signed shirts,Julian Alvarez,Unframed,I2867,https://www.icons.com/julian-alvarez-front-signed-river-plate-2020-21-home-shirt-47056.html,249.99,True,False
Sofyan Amrabat,Sofyan Amrabat Official Manchester United Front Signed and Framed 2023-24 Home Shirt,600.0,GBP,In Stock,885mm (H) x 780mm (W) x 30mm (D),1-5 working days,Signed shirts,Sofyan Amrabat,Framed,I5643MUFCF,https://www.icons.com/sofyan-amrabat-front-signed-manchester-united-2023-24-home-shirt-official-mufc-63582.html,600.0,True,True
Michail Antonio,Official UEFA Conference League 3D Mini Replica Trophy,99.99,GBP,In Stock,,2 working days,Replica trophies,Unsigned,Unframed,I2687,https://www.icons.com/official-uefa-conference-league-3d-mini-replica-trophy-100mm-19743.html,99.99,False,True
Michail Antonio,Michail Antonio Back Signed West Ham United 2018-19 Home Shirt In Classic Frame,449.99,GBP,Out of Stock,885mm (H) x 780mm (W) x 30mm (D),1-5 working days,Signed shirts,Michail Antonio,Framed,TB1219CF,https://www.icons.com/michail-antonio-back-signed-west-ham-united-2018-19-home-shirt-in-classic-frame-50397.html,449.99,True,False
Michail Antonio,Michail Antonio Official UEFA Conference League Back Signed West Ham United 2018-19 Home Shirt,324.99,GBP,Out of Stock,,2 working days,Signed shirts,Michail Antonio,Unframed,TB1219UECL,https://www.icons.com/michail-antonio-official-uecl-signed-west-ham-united-home-shirt-2022.html,324.99,True,False
Michail Antonio,Michail Antonio Back Signed West Ham United 2022-23 Home Shirt In Deluxe Packaging,234.99,GBP,Out of Stock,375mm (H) x 315mm (W) x 40mm (D),2 working days,Signed shirts,Michail Antonio,Deluxe Packaged,TB1738D,https://www.icons.com/michail-antonio-back-signed-west-ham-2022-home-shirt-in-deluxe-packaging-96022.html,234.99,True,False
Michail Antonio,Michail Antonio Back Signed West Ham United 2018-19 Home Shirt In Deluxe Packaging,309.99,GBP,Out of Stock,375mm (H) x 315mm (W) x 40mm (D),2 working days,Signed shirts,Michail Antonio,Deluxe Packaged,TB1219D,https://www.icons.com/michail-antonio-back-signed-west-ham-united-2018-19-home-shirt-in-deluxe-packaging-46389.html,309.99,True,False
Michail Antonio,Michail Antonio Back Signed West Ham United 2022-23 Home Shirt In Hero Frame: Option 1,399.99,GBP,Out of Stock,1015mm (W) x 750mm (H) x 25mm (D),1-5 working days,Signed shirts,Michail Antonio,Framed,TB1738HF1,https://www.icons.com/michail-antonio-back-signed-west-ham-2022-home-shirt-in-hero-frame-96024.html,399.99,True,False
Michail Antonio,Michail Antonio Back Signed West Ham United 2022-23 Home Shirt In Classic Frame,374.99,GBP,Out of Stock,885mm (H) x 780mm (W) x 30mm (D),1-5 working days,Signed shirts,Michail Antonio,Framed,TB1738CF,https://www.icons.com/michail-antonio-back-signed-west-ham-2022-home-shirt-in-classic-frame-96023.html,374.99,True,False
Michail Antonio,Michail Antonio & Mark Noble Signed West Ham United Shirts In Classic Dual Frame,799.99,GBP,Out of Stock,1200mm (W) x 900mm (H) x 30mm (D),1-5 working days,Signed shirts,"Mark Noble, Michail Antonio",Framed,TB1219TB1581DS,https://www.icons.com/michail-antonio-mark-noble-signed-shirts-in-classic-dual-frame-67183.html,799.99,False,False
Michail Antonio,Michail Antonio Back Signed West Ham United 2018-19 Home Shirt In Hero Frame: Option 1,474.99,GBP,Out of Stock,1015mm (W) x 750mm (H) x 25mm (D),1-5 working days,Signed shirts,Michail Antonio,Framed,TB1219HF1,https://www.icons.com/michail-antonio-back-signed-west-ham-united-2018-19-home-shirt-in-hero-frame-option-1-18759.html,474.99,True,False
Michail Antonio,Michail Antonio Back Signed West Ham United 2018-19 Home Shirt,274.99,GBP,Out of Stock,,2 working days,Signed shirts,Michail Antonio,Unframed,TB1219,https://www.icons.com/michail-antonio-signed-west-ham-united-home-shirt-2021.html,274.99,True,False
Michail Antonio,Michail Antonio England Back Signed 2016-17 Home Shirt,199.99,GBP,Out of Stock,,2 working days,Signed shirts,Michail Antonio,Unframed,ICMAES1ENG,https://www.icons.com/michail-antonio-england-back-signed-2016-17-home-shirt.html,199.99,True,False
Pierre-Emerick Aubameyang,Thierry Henry & Pierre-Emerick Aubameyang Signed Arsenal Shirts In Classic Dual Frame,1249.99,GBP,Out of Stock,1200mm (W) x 900mm (H) x 30mm (D),1-5 working days,Signed shirts,"Multi-Signed, Pierre-Emerick Aubameyang, Thierry Henry",Framed,LK0002A10422DS,https://www.icons.com/thierry-henry-pierre-emerick-aubameyang-signed-arsenal-shirts-in-classic-dual-frame.html,1249.99,False,False
Pierre-Emerick Aubameyang,Pierre-Emerick Aubameyang Back Signed Arsenal 2019-20 Home Shirt In Hero Frame: Option 1,749.99,GBP,Out of Stock,1015mm (W) x 750mm (H) x 25mm (D),1-5 working days,Signed shirts,Pierre-Emerick Aubameyang,Framed,A10422HF1,https://www.icons.com/pierre-emerick-aubameyang-back-signed-arsenal-2019-20-home-shirt-in-hero-frame-option-1.html,749.99,True,False
Pierre-Emerick Aubameyang,Pierre-Emerick Aubameyang Back Signed Arsenal 2019-20 Home Shirt In Classic Frame,699.99,GBP,Out of Stock,885mm (H) x 780mm (W) x 30mm (D),1-5 working days,Signed shirts,Pierre-Emerick Aubameyang,Framed,A10422CF,https://www.icons.com/pierre-emerick-aubameyang-back-signed-arsenal-2019-20-home-shirt-in-classic-frame.html,699.99,True,False
Bradley Barcola,Bradley Barcola Official UEFA Champions League Back Signed Paris Saint-Germain 2025-26 Home Shirt In Deluxe Packaging,520.0,GBP,In Stock,375mm (H) x 315mm (W) x 40mm (D),2 working days,Signed shirts,Bradley Barcola,Deluxe Packaged,I5193UCLD,https://www.icons.com/bradley-barcola-back-signed-paris-saint-germain-2025-26-home-shirt-ucl-boxed-32417.html,520.0,True,True
Bradley Barcola,Bradley Barcola Official UEFA Champions League Back Signed and Hero Framed Paris Saint-Germain 2025-26 Home Shirt,699.99,GBP,In Stock,920mm (H) x 1120mm (W) x 20mm (D),1-5 working days,Signed shirts,Bradley Barcola,Framed,I5193UCLHF,https://www.icons.com/bradley-barcola-official-uefa-champions-league-back-signed-and-hero-framed-paris-saint-germain-2025-26-home-shirt-54701.html,699.99,True,True
Bradley Barcola,Bradley Barcola Official UEFA Champions League Back Signed and Framed Paris Saint-Germain 2025-26 Home Shirt,649.99,GBP,In Stock,875mm (H) x 785mm (W) x 38mm (D),1-5 working days,Signed shirts,Bradley Barcola,Framed,I5193UCLF,https://www.icons.com/bradley-barcola-official-uefa-champions-league-back-signed-and-framed-paris-saint-germain-2025-26-home-shirt-40739.html,649.99,True,True
Bradley Barcola,Bradley Barcola Official FIFA World Cup™ Back Signed France 2024 Home Shirt In Deluxe Packaging,450.0,GBP,Out of Stock,375mm (H) x 315mm (W) x 40mm (D),2 working days,Signed shirts,Bradley Barcola,Deluxe Packaged,I5707FWCD,https://www.icons.com/bradley-barcola-official-fifa-world-cup-back-signed-france-2024-home-shirt-in-deluxe-packaging-28467.html,450.0,True,False
Bradley Barcola,Bradley Barcola Official 2026 FIFA World Cup™ Back Signed and Hero Framed France 2024 Home Shirt,850.0,GBP,Out of Stock,1015mm (W) x 750mm (H) x 25mm (D),1-5 working days,Signed shirts,Bradley Barcola,Framed,I5707FWC2026HF1,https://www.icons.com/bradley-barcola-back-signed-france-2024-home-shirt-in-classic-frame-official-fwc-2026-hero-9187.html,850.0,True,False
Bradley Barcola,Bradley Barcola Official 2026 FIFA World Cup™ Back Signed and Framed France 2024 Home Shirt,600.0,GBP,Out of Stock,885mm (H) x 780mm (W) x 30mm (D),1-5 working days,Signed shirts,Bradley Barcola,Framed,I5707FWC2026F,https://www.icons.com/bradley-barcola-back-signed-france-2024-home-shirt-in-classic-frame-official-fwc-2026-9186.html,600.0,True,False
Bradley Barcola,Bradley Barcola Back Signed France 2024 Home Shirt In Hero Frame: Option 1,525.0,GBP,Out of Stock,1015mm (W) x 750mm (H) x 25mm (D),1-5 working days,Signed shirts,Bradley Barcola,Framed,I5707HF1,https://www.icons.com/bradley-barcola-back-signed-france-2024-home-shirt-in-hero-frame-option-1-96521.html,525.0,True,False
Bradley Barcola,Bradley Barcola Back Signed France 2024 Home Shirt In Deluxe Packaging,360.0,GBP,Out of Stock,375mm (H) x 315mm (W) x 40mm (D),2 working days,Signed shirts,Bradley Barcola,Deluxe Packaged,I5707D,https://www.icons.com/bradley-barcola-back-signed-france-2024-home-shirt-in-deluxe-packaging-38214.html,360.0,True,False
Bradley Barcola,Bradley Barcola Back Signed France 2024 Home Shirt In Classic Frame,500.0,GBP,Out of Stock,885mm (H) x 780mm (W) x 30mm (D),1-5 working days,Signed shirts,Bradley Barcola,Framed,I5707CF,https://www.icons.com/bradley-barcola-back-signed-france-2024-home-shirt-in-classic-frame-09185.html,500.0,True,False
Alisson Becker,Official UEFA Champions League 3D Mini Replica Trophy,99.99,GBP,In Stock,,2 working days,Replica trophies,Unsigned,Unframed,I2685,https://www.icons.com/official-uefa-champions-league-3d-mini-replica-trophy-100mm-93108.html,99.99,False,True
Alisson Becker,Official UEFA Champions League 3D Mini Replica Trophy on Pedestal,49.99,GBP,In Stock,,2 working days,Replica trophies,Unsigned,Unframed,I2684,https://www.icons.com/official-uefa-champions-league-3d-mini-replica-trophy-on-pedestal-70mm-62470.html,49.99,False,True
Alisson Becker,Alisson Becker Back Signed Liverpool 2019-20 Goalkeeper Shirt In Hero Frame: Option 2,549.99,GBP,Out of Stock,1015mm (W) x 750mm (H) x 25mm (D),1-5 working days,Signed shirts,Alisson Becker,Framed,ICABLS1HF2,https://www.icons.com/alisson-becker-back-signed-liverpool-2019-20-goalkeeper-shirt-in-hero-frame-option-2.html,549.99,True,False
Alisson Becker,Alisson Becker Back Signed Liverpool 2019-20 Goalkeeper Shirt In Hero Frame: Option 1,549.99,GBP,Out of Stock,1015mm (W) x 750mm (H) x 25mm (D),1-5 working days,Signed shirts,Alisson Becker,Framed,ICABLS1HF1,https://www.icons.com/alisson-becker-back-signed-liverpool-2019-20-goalkeeper-shirt-in-hero-frame-option-1.html,549.99,True,False
Alisson Becker,Alisson Becker Back Signed Liverpool 2019-20 Goalkeeper Shirt In Classic Frame,499.99,GBP,Out of Stock,885mm (H) x 780mm (W) x 30mm (D),1-5 working days,Signed shirts,Alisson Becker,Framed,ICABLS1CF,https://www.icons.com/alisson-becker-back-signed-liverpool-2019-20-goalkeeper-shirt-in-classic-frame.html,499.99,True,False
Jude Bellingham,Jude Bellingham Official 2026 FIFA World Cup™ Back Signed and Hero Framed England 2026 Home Shirt,2250.0,GBP,In Stock,1015mm (W) x 750mm (H) x 25mm (D),1-5 working days,Signed shirts,Jude Bellingham,Framed,I5933TLFWC2026HF1,https://www.icons.com/jude-bellingham-official-2026-fifa-world-cup-back-signed-and-hero-framed-england-2026-home-shirt-7985.html,2250.0,True,True
Jude Bellingham,Jude Bellingham Official UEFA Champions League Back Signed and Hero Framed Real Madrid 2023-24 Home Shirt,2250.0,GBP,In Stock,920mm (H) x 1120mm (W) x 20mm (D),1-5 working days,Signed shirts,Jude Bellingham,Framed,I5942TLUCLHF,https://www.icons.com/jude-bellingham-official-uefa-champions-league-back-signed-and-hero-framed-real-madrid-2023-24-home-shirt-02753.html,2250.0,True,True
Jude Bellingham,Jude Bellingham Official UEFA Champions League Signed Football In Acrylic Case,1200.0,GBP,In Stock,260mm (W) x 260mm (D) x 265mm (H),2 working days,Signed balls,Jude Bellingham,Acrylic Cased,I5946TLUCLAD,https://www.icons.com/jude-bellingham-official-uefa-champions-league-signed-football-in-acrylic-case-91277.html,1200.0,True,True
Jude Bellingham,Jude Bellingham Official 2022 FIFA World Cup™ Back Signed and Hero Framed England 2022 Home Shirt,2250.0,GBP,In Stock,1015mm (W) x 750mm (H) x 25mm (D),1-5 working days,Signed shirts,Jude Bellingham,Framed,I5939TLFWC2022HF1,https://www.icons.com/jude-bellingham-official-fifa-world-cup-back-signed-and-hero-framed-england-2022-home-shirt-749613.html,2250.0,True,True
Jude Bellingham,Jude Bellingham Official UEFA Champions League Back Signed and Framed Real Madrid 2025-26 Away Shirt,2000.0,GBP,In Stock,875mm (H) x 785mm (W) x 38mm (D),1-5 working days,Signed shirts,Jude Bellingham,Framed,I5937TLUCLF,https://www.icons.com/jude-bellingham-official-uefa-champions-league-back-signed-and-framed-real-madrid-2025-26-away-shirt-32891.html,2000.0,True,True
Jude Bellingham,Jude Bellingham Official 2026 FIFA World Cup™ Back Signed and Framed England 2026 Home Shirt,2000.0,GBP,In Stock,885mm (H) x 780mm (W) x 30mm (D),1-5 working days,Signed shirts,Jude Bellingham,Framed,I5933TLFWC2026F,https://www.icons.com/jude-bellingham-official-2026-fifa-world-cup-back-signed-and-framed-england-2026-home-shirt-7986.html,2000.0,True,True
Jude Bellingham,Jude Bellingham Official UEFA Champions League Back Signed and Framed Real Madrid 2023-24 Home Shirt,2000.0,GBP,In Stock,875mm (H) x 785mm (W) x 38mm (D),1-5 working days,Signed shirts,Jude Bellingham,Framed,I5942TLUCLF,https://www.icons.com/jude-bellingham-official-uefa-champions-league-back-signed-and-framed-real-madrid-2023-24-home-shirt-95643.html,2000.0,True,True
Jude Bellingham,Jude Bellingham Official UEFA Champions League Back Signed and Hero Framed Real Madrid 2025-26 Home Shirt,2250.0,GBP,In Stock,920mm (H) x 1120mm (W) x 20mm (D),1-5 working days,Signed shirts,Jude Bellingham,Framed,I5943TLUCLHF,https://www.icons.com/jude-bellingham-official-uefa-champions-league-back-signed-and-hero-framed-real-madrid-2025-26-shirt-37469.html,2250.0,True,True
Jude Bellingham,Jude Bellingham Official 2026 FIFA World Cup™ Back Signed and Framed England 2026 Away Shirt,2000.0,GBP,In Stock,885mm (H) x 780mm (W) x 30mm (D),1-5 working days,Signed shirts,Jude Bellingham,Framed,I5934TLFWC2026F,https://www.icons.com/jude-bellingham-official-2026-fifa-world-cup-back-signed-and-framed-england-2026-away-shirt-48042.html,2000.0,True,True
Jude Bellingham,Jude Bellingham Back Signed Real Madrid 2025-26 Third Shirt In Classic Frame,2000.0,GBP,In Stock,885mm (H) x 780mm (W) x 30mm (D),1-5 working days,Signed shirts,Jude Bellingham,Framed,I5938TLCF,https://www.icons.com/jude-bellingham-back-signed-real-madrid-2025-26-third-shirt-in-classic-frame-06485.html,2000.0,True,True
Jude Bellingham,Jude Bellingham Official FIFA World Cup™ Back Signed and Hero Framed England 2022 Away Shirt,2250.0,GBP,In Stock,1015mm (W) x 750mm (H) x 25mm (D),1-5 working days,Signed shirts,Jude Bellingham,Framed,I5936TLFWCCHF1,https://www.icons.com/jude-bellingham-official-fifa-world-cup-back-signed-and-framed-england-2022-away-shirt-12846.html,2250.0,True,True
Jude Bellingham,Jude Bellingham Official UEFA Champions League Back Signed and Hero Framed Real Madrid 2024-25 Away Shirt,2250.0,GBP,In Stock,920mm (H) x 1120mm (W) x 20mm (D),1-5 working days,Signed shirts,Jude Bellingham,Framed,I5941TLUCLHF,https://www.icons.com/jude-bellingham-official-uefa-champions-league-back-signed-and-hero-framed-real-madrid-2024-25-away-shirt-23476.html,2250.0,True,True
Jude Bellingham,Jude Bellingham Official 2022 FIFA World Cup™ Back Signed and Framed England 2022 Home Shirt,2000.0,GBP,In Stock,885mm (H) x 780mm (W) x 30mm (D),1-5 working days,Signed shirts,Jude Bellingham,Framed,I5939TLFWC2022F,https://www.icons.com/jude-bellingham-official-fifa-world-cup-back-signed-and-framed-england-2022-home-shirt-74960.html,2000.0,True,True
Jude Bellingham,Jude Bellingham Official UEFA Champions League Back Signed and Framed Real Madrid 2025-26 Home Shirt,2000.0,GBP,In Stock,875mm (H) x 785mm (W) x 38mm (D),1-5 working days,Signed shirts,Jude Bellingham,Framed,I5943TLUCLF,https://www.icons.com/jude-bellingham-official-uefa-champions-league-back-signed-and-framed-real-madrid-2025-26-shirt-37469.html,2000.0,True,True
Jude Bellingham,Jude Bellingham Official 2026 FIFA World Cup™ Back Signed England 2026 Home Shirt In Deluxe Packaging,1000.0,GBP,In Stock,375mm (H) x 315mm (W) x 40mm (D),2 working days,Signed shirts,Jude Bellingham,Deluxe Packaged,I5933TLFWC2026D,https://www.icons.com/jude-bellingham-official-fifa-world-cup-back-signed-england-2026-home-shirt-in-deluxe-packaging-7985.html,1000.0,True,True
Jude Bellingham,Jude Bellingham Official UEFA Champions League Back Signed and Framed Real Madrid 2024-25 Away Shirt,2000.0,GBP,In Stock,875mm (H) x 785mm (W) x 38mm (D),1-5 working days,Signed shirts,Jude Bellingham,Framed,I5941TLUCLF,https://www.icons.com/jude-bellingham-official-uefa-champions-league-back-signed-and-framed-real-madrid-2024-25-away-shirt-26815.html,2000.0,True,True
Jude Bellingham,Jude Bellingham Official UEFA Champions League Back Signed and Hero Framed Real Madrid 2024-25 Third Shirt,2250.0,GBP,In Stock,920mm (H) x 1120mm (W) x 20mm (D),1-5 working days,Signed shirts,Jude Bellingham,Framed,I5940TLUCLHF,https://www.icons.com/jude-bellingham-official-uefa-champions-league-back-signed-and-hero-framed-real-madrid-2024-25-third-shirt-42867.html,2250.0,True,True
Jude Bellingham,Jude Bellingham Official UEFA Champions League Back Signed Real Madrid 2023-24 Home Shirt In Deluxe Packaging,1000.0,GBP,In Stock,375mm (H) x 315mm (W) x 40mm (D),2 working days,Signed shirts,Jude Bellingham,Deluxe Packaged,I5942TLUCLD,https://www.icons.com/jude-bellingham-official-uefa-champions-league-back-signed-real-madrid-2023-24-home-shirt-in-deluxe-packaging-95644.html,1000.0,True,True
Jude Bellingham,Jude Bellingham Official UEFA Champions League Back Signed and Framed Real Madrid 2024-25 Home Shirt,2000.0,GBP,In Stock,875mm (H) x 785mm (W) x 38mm (D),1-5 working days,Signed shirts,Jude Bellingham,Framed,I5944TLUCLF,https://www.icons.com/jude-bellingham-official-uefa-champions-league-back-signed-and-framed-real-madrid-2024-25-home-shirt-85970.html,2000.0,True,True
Jude Bellingham,Jude Bellingham Official FIFA World Cup™ Back Signed and Framed England 2022 Away Shirt,2000.0,GBP,In Stock,885mm (H) x 780mm (W) x 30mm (D),1-5 working days,Signed shirts,Jude Bellingham,Framed,I5936TLFWCCF,https://www.icons.com/jude-bellingham-official-fifa-world-cup-back-signed-and-framed-england-2022-away-shirt-12845.html,2000.0,True,True
Jude Bellingham,Jude Bellingham Official Ballon d'Or™ Signed and Hero Framed England 2022 Home Shirt: 2023 Kopa Trophy Winner,2250.0,GBP,In Stock,1015mm (W) x 750mm (H) x 25mm (D),1-5 working days,Signed shirts,Jude Bellingham,Framed,I5939TLBDOKOPHF1,https://www.icons.com/jude-bellingham-official-ballon-dor-kopa-edition-frame-back-signed-england-2022-home-shirt-749614.html,2250.0,True,True
Jude Bellingham,Jude Bellingham Official FIFA World Cup™ Back Signed England 2022 Home Shirt In Deluxe Packaging,1000.0,GBP,In Stock,375mm (H) x 315mm (W) x 40mm (D),2 working days,Signed shirts,Jude Bellingham,Deluxe Packaged,I5939TLFWCCD,https://www.icons.com/jude-bellingham-official-fifa-world-cup-back-signed-england-2022-home-shirt-in-deluxe-packaging-74962.html,1000.0,True,True
Jude Bellingham,Jude Bellingham Official FIFA World Cup 2026™ Signed Adidas Predator Boot In Acrylic Case,1200.0,GBP,In Stock,340mm (W) x 230mm (D) x 190mm (H),2 working days,Signed boots,Jude Bellingham,Acrylic Cased,I5935TLFWC2026AD,https://www.icons.com/jude-bellingham-official-fifa-world-cup-signed-adidas-predator-boot-in-acrylic-case-81737.html,1200.0,True,True
Jude Bellingham,Jude Bellingham Official UEFA Champions League Back Signed Real Madrid 2024-25 Away Shirt In Deluxe Packaging,1000.0,GBP,In Stock,375mm (H) x 315mm (W) x 40mm (D),2 working days,Signed shirts,Jude Bellingham,Deluxe Packaged,I5941TLUCLD,https://www.icons.com/jude-bellingham-official-uefa-champions-league-back-signed-real-madrid-2024-25-away-shirt-in-deluxe-packaging-23477.html,1000.0,True,True
Jude Bellingham,Jude Bellingham Official UEFA Champions League Back Signed and Framed Real Madrid 2024-25 Third Shirt,2000.0,GBP,In Stock,875mm (H) x 785mm (W) x 38mm (D),1-5 working days,Signed shirts,Jude Bellingham,Framed,I5940TLUCLF,https://www.icons.com/jude-bellingham-official-uefa-champions-league-back-signed-and-framed-real-madrid-2024-25-third-shirt-30574.html,2000.0,True,True
Jude Bellingham,Jude Bellingham Official 2026 FIFA World Cup™ Back Signed and Hero Framed England 2026 Away Shirt,2250.0,GBP,In Stock,1015mm (W) x 750mm (H) x 25mm (D),1-5 working days,Signed shirts,Jude Bellingham,Framed,I5934TLFWC2026HF1,https://www.icons.com/jude-bellingham-official-2026-fifa-world-cup-back-signed-and-hero-framed-england-2026-away-shirt-48041.html,2250.0,True,True
Jude Bellingham,Jude Bellingham Official UEFA Champions League Back Signed Real Madrid 2024-25 Home Shirt In Deluxe Packaging,1000.0,GBP,In Stock,375mm (H) x 315mm (W) x 40mm (D),2 working days,Signed shirts,Jude Bellingham,Deluxe Packaged,I5944TLUCLD,https://www.icons.com/jude-bellingham-official-uefa-champions-league-back-signed-real-madrid-2024-25-home-shirt-in-deluxe-packaging-26131.html,1000.0,True,True
Jude Bellingham,Jude Bellingham Official UEFA Champions League Back Signed and Hero Framed Real Madrid 2024-25 Home Shirt,2250.0,GBP,In Stock,920mm (H) x 1120mm (W) x 20mm (D),1-5 working days,Signed shirts,Jude Bellingham,Framed,I5944TLUCLHF,https://www.icons.com/jude-bellingham-official-uefa-champions-league-back-signed-and-hero-framed-real-madrid-2024-25-home-shirt-26130.html,2250.0,True,True
Jude Bellingham,Jude Bellingham Official UEFA Champions League Back Signed Real Madrid 2025-26 Home Shirt In Deluxe Packaging,1000.0,GBP,In Stock,375mm (H) x 315mm (W) x 40mm (D),2 working days,Signed shirts,Jude Bellingham,Deluxe Packaged,I5943TLUCLD,https://www.icons.com/jude-bellingham-official-uefa-champions-league-back-signed-real-madrid-2025-26-shirt-in-deluxe-packaging-37469.html,1000.0,True,True
Jude Bellingham,Jude Bellingham Official UEFA Champions League Back Signed Real Madrid 2024-25 Third Shirt In Deluxe Packaging,1000.0,GBP,In Stock,375mm (H) x 315mm (W) x 40mm (D),2 working days,Signed shirts,Jude Bellingham,Deluxe Packaged,I5940TLUCLD,https://www.icons.com/jude-bellingham-official-uefa-champions-league-back-signed-real-madrid-2024-25-third-shirt-in-deluxe-packaging-42868.html,1000.0,True,True
Jude Bellingham,Jude Bellingham Back Signed Real Madrid 2025-26 Third Shirt In Hero Frame: Option 1,2250.0,GBP,In Stock,1015mm (W) x 750mm (H) x 25mm (D),1-5 working days,Signed shirts,Jude Bellingham,Framed,I5938TLHF1,https://www.icons.com/jude-bellingham-back-signed-real-madrid-2025-26-third-shirt-in-hero-frame-option-1-50869.html,2250.0,True,True
Jude Bellingham,Jude Bellingham Official FIFA World Cup™ Back Signed England 2022 Away Shirt In Deluxe Packaging,1000.0,GBP,In Stock,375mm (H) x 315mm (W) x 40mm (D),1-5 working days,Signed shirts,Jude Bellingham,Framed,I5936TLFWCD,https://www.icons.com/jude-bellingham-official-fifa-world-cup-back-signed-england-2022-away-shirt-in-deluxe-packaging-12847.html,1000.0,True,True
Jude Bellingham,Jude Bellingham Official UEFA Champions League Back Signed and Hero Framed Real Madrid 2025-26 Away Shirt,2250.0,GBP,In Stock,920mm (H) x 1120mm (W) x 20mm (D),1-5 working days,Signed shirts,Jude Bellingham,Framed,I5937TLUCLHF,https://www.icons.com/jude-bellingham-official-uefa-champions-league-back-signed-and-hero-framed-real-madrid-2025-26-away-shirt-62953.html,2250.0,True,True
Jude Bellingham,Jude Bellingham Official 2026 FIFA World Cup™ Back Signed England 2026 Away Shirt In Deluxe Packaging,1000.0,GBP,In Stock,375mm (H) x 315mm (W) x 40mm (D),2 working days,Signed shirts,Jude Bellingham,Deluxe Packaged,I5934TLFWC2026D,https://www.icons.com/jude-bellingham-official-fifa-world-cup-back-signed-england-2026-away-shirt-in-deluxe-packaging-48041.html,1000.0,True,True
Jude Bellingham,Jude Bellingham Official UEFA Champions League Back Signed Real Madrid 2025-26 Away Shirt In Deluxe Packaging,1000.0,GBP,In Stock,375mm (H) x 315mm (W) x 40mm (D),2 working days,Signed shirts,Jude Bellingham,Deluxe Packaged,I5937TLUCLD,https://www.icons.com/jude-bellingham-official-uefa-champions-league-back-signed-real-madrid-2025-26-away-shirt-in-deluxe-packaging-62954.html,1000.0,True,True
Jude Bellingham,Lionel Messi & Jude Bellingham Official FIFA World Cup™ 2026 Signed and Framed Argentina and England Shirts In Dual Frame,8000.0,GBP,In Stock,1200mm (W) x 900mm (H) x 30mm (D),1-5 working days,Signed shirts,"Lionel Messi, Kylian Mbappe",Framed,LMGM0138I5933TLFWC2026F,https://www.icons.com/lionel-messi-jude-bellingham-official-fifa-world-cup-2026-signed-and-framed-shirts-in-dual-frame-17341.html,8000.0,False,True
Jude Bellingham,Morgan Rogers & Jude Bellingham Official 2026 FIFA World Cup™ Signed and Dual Framed England Home Shirts,4000.0,GBP,In Stock,1200mm (W) x 900mm (H) x 30mm (D),1-5 working days,Signed shirts,"Morgan Rogers, Jude Bellingham",Framed,I6017I5933TLFWC2026F,https://www.icons.com/morgan-rogers-jude-bellingham-official-2026-fifa-world-cuptm-signed-and-dual-framed-england-home-shirts.html,4000.0,False,True
Jude Bellingham,Jude Bellingham Official 2026 FIFA World Cup™ Signed Football In Acrylic Case,1200.0,GBP,Out of Stock,260mm (W) x 260mm (D) x 265mm (H),2 working days,Signed balls,Jude Bellingham,Acrylic Cased,I5945TLFWC2026AD,https://www.icons.com/jude-bellingham-official-2026-fifa-world-cup-signed-football-in-acrylic-case-49177.html,1200.0,True,False
Karim Benzema,Karim Benzema Official UEFA Champions League Back Signed and Framed Real Madrid 2022-23 Home Shirt,799.99,GBP,Out of Stock,875mm (H) x 785mm (W) x 38mm (D),1-5 working days,Signed shirts,Karim Benzema,Framed,I2746UCLF,https://www.icons.com/karim-benzema-official-uefa-champions-league-back-signed-and-framed-real-madrid-2022-23-home-shirt-84196.html,799.99,True,False
Karim Benzema,Karim Benzema Official Ballon d'Or™ Back Signed and Hero Framed Real Madrid 2022-23 Home Shirt,1000.0,GBP,Out of Stock,1015mm (W) x 750mm (H) x 25mm (D),1-5 working days,Signed shirts,Karim Benzema,Framed,I2746BDOHF1,https://www.icons.com/official-ballon-dor-karim-benzema-back-signed-real-madrid-2022-23-home-shirt-in-hero-frame-option-1-58932.html,1000.0,True,False
Karim Benzema,Karim Benzema Official Ballon d'Or™ Back Signed and Hero Framed Real Madrid 2023-24 Home Shirt - 2022 Winner Edition,1000.0,GBP,Out of Stock,,1-5 working days,Signed shirts,Karim Benzema,Framed,I4848BDOHF1,https://www.icons.com/karim-benzema-back-signed-real-madrid-2023-24-home-shirt-official-ballon-dor-51268.html,1000.0,True,False
Karim Benzema,Karim Benzema Official Ballon d'Or™ Back Signed Real Madrid CF 2022-23 Home Shirt: 2022 Winner's Pack,650.0,GBP,Out of Stock,375mm (H) x 315mm (W) x 40mm (D),2 working days,Signed shirts,Karim Benzema,Deluxe Packaged,I2746BDOD,https://www.icons.com/karim-benzema-official-ballon-d-ortm-back-signed-real-madrid-cf-2022-23-home-shirt-2022-winner-s-pack.html,650.0,True,False
Karim Benzema,Ronaldo & Karim Benzema Signed Real Madrid Shirts In Classic Dual Frame,1150.0,GBP,Out of Stock,1200mm (W) x 900mm (H) x 30mm (D),1-5 working days,Signed shirts,"Karim Benzema, Ronaldo",Framed,I1010I2746DS,https://www.icons.com/ronaldo-karim-benzema-real-madrid-signed-dual-frame.html,1150.0,False,False
Karim Benzema,Luka Modric & Karim Benzema Signed Real Madrid Shirts In Classic Dual Frame,900.0,GBP,Out of Stock,1200mm (W) x 900mm (H) x 30mm (D),1-5 working days,Signed shirts,"Karim Benzema, Luka Modric",Framed,I3647I2746DS,https://www.icons.com/luka-modric-karim-benzema-real-madrid-signed-dual-frame.html,900.0,False,False
Karim Benzema,Karim Benzema & Gareth Bale Signed Real Madrid Shirts In Classic Dual Frame,900.0,GBP,Out of Stock,1200mm (W) x 900mm (H) x 30mm (D),1-5 working days,Signed shirts,Gareth Bale,Framed,I2746I3061DS,https://www.icons.com/karim-benzema-gareth-bale-real-madrid-signed-dual-frame-14.html,900.0,False,False
Karim Benzema,Karim Benzema Official UEFA Champions League Back Signed and Hero Framed Real Madrid 2022-23 Home Shirt,849.99,GBP,Out of Stock,920mm (H) x 1120mm (W) x 20mm (D),1-5 working days,Signed shirts,Karim Benzema,Framed,I2746UCLHF,https://www.icons.com/karim-benzema-official-uefa-champions-league-back-signed-and-hero-framed-real-madrid-2022-23-home-shirt-46205.html,849.99,True,False
Karim Benzema,Karim Benzema Back Signed Real Madrid 2022-23 Home Shirt In Deluxe Packaging,534.99,GBP,Out of Stock,375mm (H) x 315mm (W) x 40mm (D),2 working days,Signed shirts,Karim Benzema,Deluxe Packaged,I1297D,https://www.icons.com/karim-benzema-back-signed-real-madrid-2022-23-home-shirt-in-deluxe-packaging-39175.html,534.99,True,False
Karim Benzema,Karim Benzema Back Signed France 2020 Home Shirt In Classic Frame,649.99,GBP,Out of Stock,885mm (H) x 780mm (W) x 30mm (D),1-5 working days,Signed shirts,Karim Benzema,Framed,I3262CF,https://www.icons.com/karim-benzema-back-signed-france-2020-home-shirt-in-classic-frame-37859.html,649.99,True,False
Karim Benzema,Karim Benzema Back Signed France 2020 Home Shirt In Hero Frame: Option 1,674.99,GBP,Out of Stock,1015mm (W) x 750mm (H) x 25mm (D),1-5 working days,Signed shirts,Karim Benzema,Framed,I3262HF1,https://www.icons.com/karim-benzema-back-signed-france-2020-home-shirt-in-hero-frame-option-1-62470.html,674.99,True,False
Karim Benzema,Karim Benzema Back Signed Real Madrid 2022-23 Home Shirt In Hero Frame: Option 1,599.99,GBP,Out of Stock,1015mm (W) x 750mm (H) x 25mm (D),1-5 working days,Signed shirts,Karim Benzema,Framed,I2746HF1,https://www.icons.com/karim-benzema-back-signed-real-madrid-2022-23-home-shirt-in-hero-frame-option-1-58931.html,599.99,True,False
Karim Benzema,Karim Benzema Back Signed Real Madrid 2021-22 Home Shirt with Fan Style Numbers In Hero Frame: Option 1,949.99,GBP,Out of Stock,1015mm (W) x 750mm (H) x 25mm (D),1-5 working days,Signed shirts,Karim Benzema,Framed,I1528HF1,https://www.icons.com/karim-benzema-back-signed-real-madrid-2021-22-home-shirt-with-fan-style-numbers-in-hero-frame-option-1-67850.html,949.99,True,False
Karim Benzema,Karim Benzema Back Signed Real Madrid 2021-22 Home Shirt with Fan Style Numbers In Classic Frame,924.99,GBP,Out of Stock,885mm (H) x 780mm (W) x 30mm (D),1-5 working days,Signed shirts,Karim Benzema,Framed,I1528CF,https://www.icons.com/karim-benzema-back-signed-real-madrid-2021-22-home-shirt-with-fan-style-numbers-in-classic-frame-54609.html,924.99,True,False
Karim Benzema,Karim Benzema Back Signed Real Madrid 2021-22 Home Shirt with Fan Style Numbers,749.99,GBP,Out of Stock,,2 working days,Signed shirts,Karim Benzema,Unframed,I1528,https://www.icons.com/karim-benzema-back-signed-real-madrid-2021-22-home-shirt-with-fan-style-numbers-52317.html,749.99,True,False
Karim Benzema,Karim Benzema Back Signed Real Madrid 2022-23 Home Shirt In Hero Frame: Option 1,699.99,GBP,Out of Stock,1015mm (W) x 750mm (H) x 25mm (D),1-5 working days,Signed shirts,Karim Benzema,Framed,I1297HF1,https://www.icons.com/karim-benzema-back-signed-real-madrid-2022-23-home-shirt-in-hero-frame-option-1-02571.html,699.99,True,False
Karim Benzema,Karim Benzema Back Signed Real Madrid 2022-23 Home Shirt In Classic Frame,674.99,GBP,Out of Stock,885mm (H) x 780mm (W) x 30mm (D),1-5 working days,Signed shirts,Karim Benzema,Framed,I1297CF,https://www.icons.com/karim-benzema-back-signed-real-madrid-2022-23-home-shirt-in-classic-frame-24879.html,674.99,True,False
Karim Benzema,Karim Benzema Front Signed France 2020-21 Home Shirt In Hero Frame: Option 1,599.99,GBP,Out of Stock,1015mm (W) x 750mm (H) x 25mm (D),1-5 working days,Signed shirts,Karim Benzema,Framed,I1282HF1,https://www.icons.com/karim-benzema-front-signed-france-2020-21-home-shirt-in-hero-frame-option-1-10387.html,599.99,True,False
Karim Benzema,Karim Benzema Front Signed France 2020-21 Home Shirt In Classic Frame,574.99,GBP,Out of Stock,885mm (H) x 780mm (W) x 30mm (D),1-5 working days,Signed shirts,Karim Benzema,Framed,I1282CF,https://www.icons.com/karim-benzema-front-signed-france-2020-21-home-shirt-in-classic-frame-91572.html,574.99,True,False
Karim Benzema,Karim Benzema Front Signed Real Madrid 2022-23 Home Shirt,399.99,GBP,Out of Stock,,2 working days,Signed shirts,Karim Benzema,Unframed,I1284,https://www.icons.com/karim-benzema-front-signed-real-madrid-2022-23-home-shirt-91840.html,399.99,True,False
Karim Benzema,Karim Benzema Front Signed France 2020-21 Home Shirt,399.99,GBP,Out of Stock,,2 working days,Signed shirts,Karim Benzema,Unframed,I1283,https://www.icons.com/karim-benzema-front-signed-france-2020-21-home-shirt-93165.html,399.99,True,False
Karim Benzema,Karim Benzema Signed Real Madrid 2021-22 Home Shirt With Fan Style Number,549.99,GBP,Out of Stock,,2 working days,Signed shirts,Karim Benzema,Unframed,ICKBRMS3,https://www.icons.com/karim-benzema-signed-real-madrid-2021-22-home-shirt-with-fan-style-number-20543.html,549.99,True,False
Karim Benzema,Karim Benzema Signed France 2020-21 Home Shirt With Fan Style Number In Classic Frame,649.99,GBP,Out of Stock,885mm (H) x 780mm (W) x 30mm (D),1-5 working days,Signed shirts,Karim Benzema,Framed,ICKBFS1CF,https://www.icons.com/karim-benzema-signed-france-2020-21-home-shirt-with-fan-style-number-in-classic-frame-06345.html,649.99,True,False
Karim Benzema,Karim Benzema Signed France 2020-21 Home Shirt With Fan Style Number In Hero Frame: Option 1,674.99,GBP,Out of Stock,1015mm (W) x 750mm (H) x 25mm (D),1-5 working days,Signed shirts,Karim Benzema,Framed,ICKBFS1HF1,https://www.icons.com/karim-benzema-signed-france-2020-21-home-shirt-with-fan-style-number-in-hero-frame-option-1-57194.html,674.99,True,False
Karim Benzema,Karim Benzema Signed Real Madrid 2016-17 Home Shirt With Fan Style Number In Classic Frame,574.99,GBP,Out of Stock,885mm (H) x 780mm (W) x 30mm (D),1-5 working days,Signed shirts,Karim Benzema,Framed,ICKBRMS1CF,https://www.icons.com/karim-benzema-signed-real-madrid-2016-17-home-shirt-with-fan-style-number-in-classic-frame-87243.html,574.99,True,False
Karim Benzema,Karim Benzema Signed Real Madrid 2016-17 Home Shirt With Fan Style Number In Hero Frame: Option 1,624.99,GBP,Out of Stock,1015mm (W) x 750mm (H) x 25mm (D),1-5 working days,Signed shirts,Karim Benzema,Framed,ICKBRMS1HF1,https://www.icons.com/karim-benzema-signed-real-madrid-2016-17-home-shirt-with-fan-style-number-in-hero-frame-option-1-87461.html,624.99,True,False
Karim Benzema,Karim Benzema Signed France 2020-21 Home Shirt With Fan Style Number,474.99,GBP,Out of Stock,,2 working days,Signed shirts,Karim Benzema,Unframed,ICKBFS1,https://www.icons.com/karim-benzema-signed-france-home-shirt-with-fan-style-number-1.html,474.99,True,False
Karim Benzema,Karim Benzema Signed Real Madrid 2016-17 Home Shirt With Fan Style Number,474.99,GBP,Out of Stock,,2 working days,Signed shirts,Karim Benzema,Unframed,ICKBRMS1,https://www.icons.com/karim-benzema-signed-real-madrid-2016-17-home-shirt-with-fan-style-number.html,474.99,True,False
Jarrod Bowen,Jarrod Bowen Back Signed West Ham United 2023-24 Away Shirt In Classic Frame,474.99,GBP,In Stock,885mm (H) x 780mm (W) x 30mm (D),1-5 working days,Signed shirts,Jarrod Bowen,Framed,I4230CF,https://www.icons.com/jarrod-bowen-back-signed-west-ham-united-2023-24-away-shirt-in-classic-frame-81964.html,474.99,True,True
Jarrod Bowen,Jarrod Bowen Back Signed West Ham United 2023-24 Away Shirt In Hero Frame: Option 1,499.99,GBP,In Stock,1015mm (W) x 750mm (H) x 25mm (D),1-5 working days,Signed shirts,Jarrod Bowen,Framed,I4230HF1,https://www.icons.com/jarrod-bowen-back-signed-west-ham-united-2023-24-away-shirt-in-hero-frame-option-1-92468.html,499.99,True,True
Jarrod Bowen,Jarrod Bowen Back Signed West Ham United 2023-24 Away Shirt In Deluxe Packaging,334.99,GBP,In Stock,375mm (H) x 315mm (W) x 40mm (D),2 working days,Signed shirts,Jarrod Bowen,Deluxe Packaged,I4230D,https://www.icons.com/jarrod-bowen-back-signed-west-ham-united-2023-24-away-shirt-in-deluxe-packaging-47618.html,334.99,True,True
Jarrod Bowen,Jarrod Bowen Official UEFA Conference League Back Signed West Ham United 2023-24 Away Shirt,349.99,GBP,In Stock,,2 working days,Signed shirts,Jarrod Bowen,Unframed,I4230UECL,https://www.icons.com/jarrod-bowen-back-signed-west-ham-united-2022-23-away-shirt-uecl-4154.html,349.99,True,True
Jarrod Bowen,"Jarrod Bowen Official UEFA Conference League Back Signed West Ham United 2022-23 Home Shirt: ""Winners 23"" Edition",349.99,GBP,In Stock,,2 working days,Signed shirts,Jarrod Bowen,Unframed,I4229UECL,https://www.icons.com/jarrod-bowen-back-signed-west-ham-united-2022-23-home-shirt-winners-23-edition-uecl-94817.html,349.99,True,True
Jarrod Bowen,Jarrod Bowen Back Signed West Ham United 2022-23 Home Shirt - Winners 23 Edition In Hero Frame: Option 1,499.99,GBP,In Stock,1015mm (W) x 750mm (H) x 25mm (D),1-5 working days,Signed shirts,Jarrod Bowen,Framed,I4229HF1,https://www.icons.com/jarrod-bowen-back-signed-west-ham-united-2022-23-home-shirt-winners-23-edition-in-hero-frame-option-1-36950.html,499.99,True,True
Jarrod Bowen,Jarrod Bowen Back Signed West Ham United 2022-23 Home Shirt - Winners 23 Edition In Classic Frame,474.99,GBP,In Stock,885mm (H) x 780mm (W) x 30mm (D),1-5 working days,Signed shirts,Jarrod Bowen,Framed,I4229CF,https://www.icons.com/jarrod-bowen-back-signed-west-ham-united-2022-23-home-shirt-winners-23-edition-in-classic-frame-70946.html,474.99,True,True
Jarrod Bowen,Jarrod Bowen Back Signed West Ham United 2022-23 Home Shirt - Winners 23 Edition In Deluxe Packaging,334.99,GBP,In Stock,375mm (H) x 315mm (W) x 40mm (D),2 working days,Signed shirts,Jarrod Bowen,Deluxe Packaged,I4229D,https://www.icons.com/jarrod-bowen-back-signed-west-ham-united-2022-23-home-shirt-winners-23-edition-in-deluxe-packaging-63408.html,334.99,True,True
Jarrod Bowen,Jarrod Bowen Signed Adidas F50 Boot In Bubble Frame: Option 1,349.99,GBP,In Stock,610mm (W) x 520mm (H) x 127mm (D),1-5 working days,Signed boots,Jarrod Bowen,Framed,TB1801BUBF1,https://www.icons.com/jarrod-bowen-signed-adidas-f50-boot-bubble-frame-18903.html,349.99,True,True
Jarrod Bowen,Jarrod Bowen Signed Adidas F50 Boot In Acrylic Case,249.99,GBP,In Stock,340mm (W) x 230mm (D) x 190mm (H),2 working days,Signed boots,Jarrod Bowen,Acrylic Cased,TB1801AD,https://www.icons.com/jarrod-bowen-signed-adidas-f50-boot-acrylic-case-18903.html,249.99,True,True
Jarrod Bowen,Official UEFA Conference League 3D Mini Replica Trophy,99.99,GBP,In Stock,,2 working days,Replica trophies,Unsigned,Unframed,I2687,https://www.icons.com/official-uefa-conference-league-3d-mini-replica-trophy-100mm-19743.html,99.99,False,True
Jarrod Bowen,Jarrod Bowen Signed West Ham United 2023-24 Home Shirt In Hero Frame: Option 1,519.99,GBP,Out of Stock,1015mm (W) x 750mm (H) x 25mm (D),1-5 working days,Signed shirts,Jarrod Bowen,Framed,TB1673HF1,https://www.icons.com/jarred-bowen-signed-west-ham-united-2023-24-home-shirt-in-hero-frame-option-1-98763.html,519.99,True,False
Jarrod Bowen,Jarrod Bowen Back Signed West Ham United 2022-23 Third Shirt In Hero Frame: Option 1,674.99,GBP,Out of Stock,1015mm (W) x 750mm (H) x 25mm (D),1-5 working days,Signed shirts,Jarrod Bowen,Framed,RT5170HF1,https://www.icons.com/jarrod-bowen-back-signed-west-ham-united-2022-23-third-shirt-in-hero-frame-option-1-71249.html,674.99,True,False
Jarrod Bowen,Jarrod Bowen Back Signed West Ham United 2022-23 Third Shirt In Classic Frame,649.99,GBP,Out of Stock,885mm (H) x 780mm (W) x 30mm (D),1-5 working days,Signed shirts,Jarrod Bowen,Framed,RT5170CF,https://www.icons.com/jarrod-bowen-back-signed-west-ham-united-2022-23-third-shirt-in-classic-frame-56817.html,649.99,True,False
Jarrod Bowen,Jarrod Bowen Back Signed West Ham United 2022-23 Third Shirt In Deluxe Packaging,509.99,GBP,Out of Stock,375mm (H) x 315mm (W) x 40mm (D),2 working days,Signed shirts,Jarrod Bowen,Deluxe Packaged,RT5170D,https://www.icons.com/jarrod-bowen-back-signed-west-ham-united-2022-23-third-shirt-in-deluxe-packaging-16379.html,509.99,True,False
Jarrod Bowen,Jarrod Bowen Signed Adidas F50 Boot In Deluxe Packaging,239.99,GBP,Out of Stock,340mm (W) x 220mm (H) x 110mm (D),2 working days,Signed boots,Jarrod Bowen,Deluxe Packaged,TB1801D,https://www.icons.com/jarrod-bowen-signed-adidas-f50-boot-deluxe-packaging-18903.html,239.99,True,False
Jarrod Bowen,Jarrod Bowen Back Signed West Ham United 2022-23 Third Shirt - UEFA Conference League Winners In Hero Frame: Option 1,499.99,GBP,Out of Stock,1015mm (W) x 750mm (H) x 25mm (D),1-5 working days,Signed shirts,Jarrod Bowen,Framed,TB1790HF1,https://www.icons.com/jarrod-bowen-back-signed-west-ham-united-2022-23-third-shirt-uefa-conference-league-winners-in-hero-frame-option-1-70594.html,499.99,True,False
Jarrod Bowen,Jarrod Bowen Back Signed West Ham United 2022-23 Third Shirt: UEFA Conference League Winners In Classic Frame,474.99,GBP,Out of Stock,885mm (H) x 780mm (W) x 30mm (D),1-5 working days,Signed shirts,Jarrod Bowen,Framed,TB1790CF,https://www.icons.com/jarrod-bowen-back-signed-west-ham-united-2022-23-third-shirt-uefa-conference-league-winners-in-classic-frame-27589.html,474.99,True,False
Jarrod Bowen,Jarrod Bowen Back Signed West Ham United 2022-23 Third Shirt: UEFA Conference League Winners In Deluxe Packaging,334.99,GBP,Out of Stock,375mm (H) x 315mm (W) x 40mm (D),2 working days,Signed shirts,Jarrod Bowen,Deluxe Packaged,TB1790D,https://www.icons.com/jarrod-bowen-back-signed-west-ham-united-2022-23-third-shirt-uefa-conference-league-winners-in-deluxe-packaging-82735.html,334.99,True,False
Jarrod Bowen,Jarrod Bowen Signed West Ham United 2023-24 Home Shirt In Classic Frame,494.99,GBP,Out of Stock,885mm (H) x 780mm (W) x 30mm (D),1-5 working days,Signed shirts,Jarrod Bowen,Framed,TB1673CF,https://www.icons.com/jarred-bowen-signed-west-ham-united-2023-24-home-shirt-in-classic-frame-94015.html,494.99,True,False
Jarrod Bowen,Jarrod Bowen Signed and Framed Programme: 2023 UEFA Europa Conference League Final,149.0,GBP,Out of Stock,16 x 12 inches,1-5 working days,Signed books,Jarrod Bowen,Framed,I2093IPROF1,https://www.icons.com/jarrod-bowen-signed-2023-uefa-europa-conference-league-final-programme-75462.html,149.0,True,False
Jarrod Bowen,Jarrod Bowen Back Signed West Ham United Conference League Winners Shirt In Hero Frame: Option 1,699.99,GBP,Out of Stock,1015mm (W) x 750mm (H) x 25mm (D),1-5 working days,Signed shirts,Jarrod Bowen,Framed,I2801HF1,https://www.icons.com/jarrod-bowen-back-signed-west-ham-united-conference-league-winners-shirt-in-hero-frame-option-1-01748.html,699.99,True,False
Jarrod Bowen,Jarrod Bowen Back Signed West Ham United Conference League Winners Shirt In Classic Frame,674.99,GBP,Out of Stock,885mm (H) x 780mm (W) x 30mm (D),1-5 working days,Signed shirts,Jarrod Bowen,Framed,I2801CF,https://www.icons.com/jarrod-bowen-back-signed-west-ham-united-conference-league-winners-shirt-in-classic-frame-12850.html,674.99,True,False
Jarrod Bowen,Jarrod Bowen Back Signed West Ham United 2022-23 Home Shirt: 2023 UEFA Europa Conference League Winners Edition In Hero Frame: Option 1,624.99,GBP,Out of Stock,1015mm (W) x 750mm (H) x 25mm (D),1-5 working days,Signed shirts,Jarrod Bowen,Framed,I2092HF1,https://www.icons.com/jarrod-bowen-back-signed-west-ham-united-2022-23-home-shirt-2023-uefa-europa-conference-league-winners-edition-in-hero-frame-option-1-65238.html,624.99,True,False
Jarrod Bowen,Jarrod Bowen Back Signed West Ham United 2022-23 Home Shirt: 2023 UEFA Europa Conference League Winners Edition In Classic Frame,599.99,GBP,Out of Stock,885mm (H) x 780mm (W) x 30mm (D),1-5 working days,Signed shirts,Jarrod Bowen,Framed,I2092CF,https://www.icons.com/jarrod-bowen-back-signed-west-ham-united-2022-23-home-shirt-2023-uefa-europa-conference-league-winners-edition-in-classic-frame-41523.html,599.99,True,False
Jarrod Bowen,Jarrod Bowen Signed 2023 UEFA Europa Conference League Final Programme,199.99,GBP,Out of Stock,,2 working days,Signed books,Jarrod Bowen,Unframed,I2093,https://www.icons.com/jarrod-bowen-signed-2023-uefa-europa-conference-league-final-programme-75461.html,199.99,True,False
Jarrod Bowen,Jarrod Bowen Back Signed West Ham United 2022-23 Home Shirt: 2023 UEFA Europa Conference League Winners Edition,424.99,GBP,Out of Stock,,2 working days,Signed shirts,Jarrod Bowen,Unframed,I2092,https://www.icons.com/jarrod-bowen-back-signed-west-ham-united-2022-23-home-shirt-2023-uefa-europa-conference-league-winners-edition-06821.html,424.99,True,False
Connor Bradley,Connor Bradley Official UEFA Champions League Back Signed Liverpool 2025-26 Home Shirt In Deluxe Packaging,500.0,GBP,In Stock,375mm (H) x 315mm (W) x 40mm (D),2 working days,Signed shirts,Connor Bradley,Deluxe Packaged,I5410UCLD,https://www.icons.com/connor-bradley-back-signed-liverpool-2025-26-home-shirt-in-deluxe-packaging-ucl-26814.html,500.0,True,True
Connor Bradley,Connor Bradley Official UEFA Champions League Back Signed and Hero Framed Liverpool 2025-26 Home Shirt,649.99,GBP,In Stock,920mm (H) x 1120mm (W) x 20mm (D),1-5 working days,Signed shirts,Connor Bradley,Framed,I5410UCLHF,https://www.icons.com/connor-bradley-official-uefa-champions-league-back-signed-and-hero-framed-liverpool-2025-26-home-shirt-03986.html,649.99,True,True
Connor Bradley,Connor Bradley Back Signed Liverpool 2025-26 Home Shirt In Classic Frame,474.99,GBP,In Stock,885mm (H) x 780mm (W) x 30mm (D),1-5 working days,Signed shirts,Connor Bradley,Framed,I5410CF,https://www.icons.com/connor-bradley-back-signed-liverpool-2025-26-home-shirt-in-classic-frame-27165.html,474.99,True,True
Connor Bradley,Connor Bradley Official UEFA Champions League Back Signed and Framed Liverpool 2025-26 Home Shirt,599.99,GBP,In Stock,875mm (H) x 785mm (W) x 38mm (D),1-5 working days,Signed shirts,Connor Bradley,Framed,I5410UCLF,https://www.icons.com/connor-bradley-official-uefa-champions-league-back-signed-and-framed-liverpool-2025-26-home-shirt-34029.html,599.99,True,True
Connor Bradley,Connor Bradley Back Signed Liverpool 2025-26 Home Shirt In Hero Frame: Option 1,499.99,GBP,In Stock,1015mm (W) x 750mm (H) x 25mm (D),1-5 working days,Signed shirts,Connor Bradley,Framed,I5410HF1,https://www.icons.com/connor-bradley-back-signed-liverpool-2025-26-home-shirt-in-hero-frame-option-1-83769.html,499.99,True,True
Connor Bradley,Connor Bradley Back Signed Liverpool 2025-26 Home Shirt In Deluxe Packaging,334.99,GBP,In Stock,375mm (H) x 315mm (W) x 40mm (D),2 working days,Signed shirts,Connor Bradley,Deluxe Packaged,I5410D,https://www.icons.com/connor-bradley-back-signed-liverpool-2025-26-home-shirt-in-deluxe-packaging-26813.html,334.99,True,True
Sergio Busquets,Sergio Busquets Official FC Barcelona Signed and Framed Branded Captain's Armband,499.99,GBP,In Stock,,1-5 working days,Miscellaneous,Sergio Busquets,Framed,I3215FCBF,https://www.icons.com/sergio-busquets-signed-fc-barcelona-captain-s-armband-official-fcb-framed-19659.html,499.99,True,True
Sergio Busquets,Sergio Busquets Official 2010 FIFA World Cup™ Signed and Framed Spain Photo: FIFA World Cup Final,250.0,GBP,In Stock,16 x 12 inches,1-5 working days,Signed photos,Sergio Busquets,Framed,I3213FWC2010F,https://www.icons.com/sergio-busquets-official-fifa-world-cup-2010-signed-and-framed-spain-photo-36759.html,250.0,True,True
Sergio Busquets,Sergio Busquets Official 2010 FIFA World Cup™ Signed Plaque and Photo Frame: World Champion,250.0,GBP,In Stock,,1-5 working days,Signed cards and plaques,Sergio Busquets,Framed,I1585FWC2010F1,https://www.icons.com/sergio-busquets-official-fwc-2010-signed-black-plaque-and-photo-frame-58212.html,250.0,True,True
Sergio Busquets,Sergio Busquets Signed Spain Photo In Premium Photo Frame: FIFA World Cup Final,199.99,GBP,In Stock,16 x 12 inches,1-5 working days,Signed photos,Sergio Busquets,Framed,I3213PPF,https://www.icons.com/sergio-busquets-signed-spain-photo-fifa-world-cup-final-38161.html,199.99,True,True
Sergio Busquets,Sergio Busquets Signed and Framed FC Barcelona Branded Captain's Armband,299.99,GBP,In Stock,,1-5 working days,Miscellaneous,Sergio Busquets,Framed,I3215IARMF1,https://www.icons.com/catalog/product/view/id/22461/s/sergio-busquets-signed-fc-barcelona-captain-s-armband-framed-19660/category/1451/,299.99,True,True
Sergio Busquets,Sergio Busquets Signed Spain Photo In Black Wooden Frame: FIFA World Cup Final,149.99,GBP,In Stock,16 x 12 inches,1-5 working days,Signed photos,Sergio Busquets,Framed,I3213BWF,https://www.icons.com/sergio-busquets-signed-spain-photo-in-black-wooden-frame-fifa-world-cup-final-68490.html,149.99,True,True
Sergio Busquets,Sergio Busquets Signed Plaque and Photo Frame: 2022-23 La Liga Champion,199.99,GBP,In Stock,,1-5 working days,Signed cards and plaques,Sergio Busquets,Framed,I1585PLQF2,https://www.icons.com/sergio-busquets-signed-black-plaque-and-photo-frame-290923.html,199.99,True,True
Sergio Busquets,Sergio Busquets Signed Plaque and Photo Frame: 2015 UEFA Champions League Winner,199.99,GBP,In Stock,,1-5 working days,Signed cards and plaques,Sergio Busquets,Framed,I1585PLQF1,https://www.icons.com/sergio-busquets-signed-black-plaque-and-photo-frame-58210.html,199.99,True,True
Sergio Busquets,Sergio Busquets Official FC Barcelona Back Signed and Framed 2022-23 Home Shirt,499.99,GBP,Out of Stock,920mm (H) x 1120mm (W) x 20mm (D),1-5 working days,Signed shirts,Sergio Busquets,Framed,I3209FCBF,https://www.icons.com/sergio-busquets-official-fc-barcelona-back-signed-and-framed-2022-23-home-shirt-36102.html,499.99,True,False
Sergio Busquets,Sergio Busquets Official 2022 FIFA World Cup™ Back Signed and Hero Framed Spain 2022-23 Home Shirt,1100.0,GBP,Out of Stock,1030mm (W) x 745mm (H) x 33mm (D),1-5 working days,Signed shirts,Sergio Busquets,Framed,I3210FWC2022HF1,https://www.icons.com/sergio-busquets-official-fifa-world-cup-back-signed-and-framed-spain-2022-23-home-shirt-68976.html,1100.0,True,False
Sergio Busquets,Sergio Busquets Official UEFA Champions League Signed Football In Acrylic Case,299.99,GBP,Out of Stock,260mm (W) x 260mm (D) x 265mm (H),2 working days,Signed balls,Sergio Busquets,Acrylic Cased,I1581UCLAD,https://www.icons.com/sergio-busquets-signed-uefa-champions-league-football-ucl-official-cased-29371.html,299.99,True,False
Sergio Busquets,Sergio Busquets Back Signed FC Barcelona 2022-23 Home Shirt In Deluxe Packaging,284.99,GBP,Out of Stock,375mm (H) x 315mm (W) x 40mm (D),2 working days,Signed shirts,Sergio Busquets,Deluxe Packaged,I3209D,https://www.icons.com/sergio-busquets-back-signed-fc-barcelona-2022-23-home-shirt-deluxe-packaging-42874.html,284.99,True,False
Sergio Busquets,Xavi & Sergio Busquets Official FIFA World Cup™ Front Signed and Hero Framed Spain 2018 Home Shirt,2350.0,GBP,Out of Stock,1030mm (W) x 745mm (H) x 33mm (D),1-5 working days,Signed shirts,"Sergio Busquets, Xavi",Framed,I4244FWCCHF1,https://www.icons.com/xavi-sergio-busquets-dual-signed-spain-2018-home-shirt-in-classic-frame-90369.html,2350.0,False,False
Sergio Busquets,Xavi & Sergio Busquets Official FIFA World Cup™ Front Signed and Framed Spain 2018 Home Shirt,1850.0,GBP,Out of Stock,885mm (H) x 780mm (W) x 30mm (D),1-5 working days,Signed shirts,"Sergio Busquets, Xavi",Framed,I4244FWCCF,https://www.icons.com/xavi-sergio-busquets-dual-signed-spain-2018-home-shirt-in-classic-frame-90368.html,1850.0,False,False
Sergio Busquets,Sergio Busquets & Jordi Alba Signed Barcelona Shirts In Classic Dual Frame,600.0,GBP,Out of Stock,1200mm (W) x 900mm (H) x 30mm (D),1-5 working days,Signed shirts,"Sergio Busquets, Jordi Alba",Framed,I3209I2492DS,https://www.icons.com/sergio-busquets-jordi-alba-barcelona-signed-dual-frame.html,600.0,False,False
Sergio Busquets,PLAYER ISSUE Sergio Busquets Front Signed Spain 2018 Home Shirt In Deluxe Packaging,284.99,GBP,Out of Stock,375mm (H) x 315mm (W) x 40mm (D),2 working days,Signed shirts,Sergio Busquets,Deluxe Packaged,I3214D,https://www.icons.com/sergio-busquets-front-signed-spain-world-cup-2018-player-issue-home-shirt-in-deluxe-packaging-52307.html,284.99,True,False
Sergio Busquets,Sergio Busquets Back Signed Spain 2022-23 Home Shirt In Deluxe Packaging,284.99,GBP,Out of Stock,375mm (H) x 315mm (W) x 40mm (D),2 working days,Signed shirts,Sergio Busquets,Deluxe Packaged,I3210D,https://www.icons.com/sergio-busquets-back-signed-spain-2022-23-home-shirt-in-deluxe-packaging-23598.html,284.99,True,False
Sergio Busquets,PLAYER ISSUE Sergio Busquets Official 2018 FIFA World Cup™ Front Signed and Hero Framed Spain 2018 Home Shirt,1100.0,GBP,Out of Stock,1030mm (W) x 745mm (H) x 33mm (D),1-5 working days,Signed shirts,Sergio Busquets,Framed,I3214FWC2018HF1,https://www.icons.com/sergio-busquets-official-fifa-world-cup-front-signed-and-framed-spain-world-cup-2018-player-issue-home-shirt-5128.html,1100.0,True,False
Sergio Busquets,PLAYER ISSUE Sergio Busquets  Official 2018 FIFA World Cup™ Front Signed and Framed Spain 2018 Home Shirt,850.0,GBP,Out of Stock,885mm (H) x 780mm (W) x 30mm (D),1-5 working days,Signed shirts,Sergio Busquets,Framed,I3214FWC2018F,https://www.icons.com/sergio-busquets-official-fifa-world-cup-front-signed-and-framed-spain-world-cup-2018-player-issue-home-shirt-5127.html,850.0,True,False
Sergio Busquets,Sergio Busquets Official 2022 FIFA World Cup™ Back Signed and Framed Spain 2022-23 Home Shirt,850.0,GBP,Out of Stock,885mm (H) x 780mm (W) x 30mm (D),1-5 working days,Signed shirts,Sergio Busquets,Framed,I3210FWC2022F,https://www.icons.com/sergio-busquets-official-fifa-world-cup-back-signed-and-framed-spain-2022-23-home-shirt-68975.html,850.0,True,False
Sergio Busquets,Andres Iniesta & Sergio Busquets Back Signed Spain 2010 Away Shirts In Classic Dual Frame,999.99,GBP,Out of Stock,1200mm (W) x 900mm (H) x 30mm (D),1-5 working days,Signed shirts,Sergio Busquets,Framed,I3031I3211DS,https://www.icons.com/sergio-busquets-andres-iniesta-back-signed-spain-2010-away-shirt-in-classic-dual-frame-15305.html,999.99,True,False
Sergio Busquets,"Sergio Busquets Front Signed Spain 2010 Away Shirt - ""2010 World Cup Winner"" Inscription In Hero Frame: Option 1",849.99,GBP,Out of Stock,1015mm (W) x 750mm (H) x 25mm (D),1-5 working days,Signed shirts,Sergio Busquets,Framed,I3216HF1,https://www.icons.com/sergio-busquets-front-signed-spain-2010-away-shirt-2010-world-cup-winner-inscription-in-hero-frame-38066.html,849.99,True,False
Sergio Busquets,"Sergio Busquets Front Signed Spain 2010 Away Shirt - ""2010 World Cup Winner"" Inscription In Classic Frame",824.99,GBP,Out of Stock,885mm (H) x 780mm (W) x 30mm (D),1-5 working days,Signed shirts,Sergio Busquets,Framed,I3216CF,https://www.icons.com/sergio-busquets-front-signed-spain-2010-away-shirt-2010-world-cup-winner-inscription-in-classic-frame-38065.html,824.99,True,False
Sergio Busquets,"Sergio Busquets Back Signed FC Barcelona 2022-23 Home Shirt - ""Mes Que Un Club"" Inscription In Hero Frame: Option 1",849.99,GBP,Out of Stock,1015mm (W) x 750mm (H) x 25mm (D),1-5 working days,Signed shirts,Sergio Busquets,Framed,I3217HF1,https://www.icons.com/sergio-busquets-back-signed-fc-barcelona-2022-23-home-shirt-mes-que-un-club-inscription-in-hero-frame-80515.html,849.99,True,False
Sergio Busquets,"Sergio Busquets Back Signed FC Barcelona 2022-23 Home Shirt - ""Mes Que Un Club"" Inscription In Classic Frame",824.99,GBP,Out of Stock,885mm (H) x 780mm (W) x 30mm (D),1-5 working days,Signed shirts,Sergio Busquets,Framed,I3217CF,https://www.icons.com/sergio-busquets-back-signed-fc-barcelona-2022-23-home-shirt-mes-que-un-club-inscription-in-classic-frame-80514.html,824.99,True,False
Sergio Busquets,"Sergio Busquets Front Signed Inter Miami CF 2024-25 Home Shirt - ""Freedom to Dream"" Inscription In Hero Frame: Option 1",849.99,GBP,Out of Stock,1015mm (W) x 750mm (H) x 25mm (D),1-5 working days,Signed shirts,Sergio Busquets,Framed,I3218HF1,https://www.icons.com/sergio-busquets-front-signed-inter-miami-cf-2024-25-home-shirt-freedom-to-dream-inscription-in-hero-frame-option-1-73625.html,849.99,True,False
Sergio Busquets,"Sergio Busquets Front Signed Inter Miami CF 2024-25 Home Shirt - ""Freedom to Dream"" Inscription In Classic Frame",824.99,GBP,Out of Stock,885mm (H) x 780mm (W) x 30mm (D),1-5 working days,Signed shirts,Sergio Busquets,Framed,I3218CF,https://www.icons.com/sergio-busquets-front-signed-inter-miami-cf-2024-25-home-shirt-freedom-to-dream-inscription-in-classic-frame-82701.html,824.99,True,False
Sergio Busquets,PLAYER ISSUE Sergio Busquets Front Signed Spain 2018 Home Shirt In Hero Frame: Option 1,449.99,GBP,Out of Stock,1015mm (W) x 750mm (H) x 25mm (D),1-5 working days,Signed shirts,Sergio Busquets,Framed,I3214HF1,https://www.icons.com/sergio-busquets-front-signed-spain-world-cup-2018-player-issue-home-shirt-in-hero-frame-option-1-73651.html,449.99,True,False
Sergio Busquets,PLAYER ISSUE Sergio Busquets Front Signed Spain 2018 Home Shirt In Classic Frame,424.99,GBP,Out of Stock,885mm (H) x 780mm (W) x 30mm (D),1-5 working days,Signed shirts,Sergio Busquets,Framed,I3214CF,https://www.icons.com/sergio-busquets-front-signed-spain-world-cup-2018-player-issue-home-shirt-in-classic-frame-29084.html,424.99,True,False
Sergio Busquets,Sergio Busquets Front Signed Inter Miami CF 2024-25 Home Shirt In Hero Frame: Option 1,449.99,GBP,Out of Stock,1015mm (W) x 750mm (H) x 25mm (D),1-5 working days,Signed shirts,Sergio Busquets,Framed,I3212HF1,https://www.icons.com/sergio-busquets-front-signed-inter-miami-cf-2024-25-home-shirt-in-hero-frame-option-1-52946.html,449.99,True,False
Sergio Busquets,Sergio Busquets Front Signed Inter Miami CF 2024-25 Home Shirt In Classic Frame,424.99,GBP,Out of Stock,885mm (H) x 780mm (W) x 30mm (D),1-5 working days,Signed shirts,Sergio Busquets,Framed,I3212CF,https://www.icons.com/sergio-busquets-front-signed-inter-miami-cf-2024-25-home-shirt-in-classic-frame-70623.html,424.99,True,False
Sergio Busquets,Sergio Busquets Back Signed Spain 2010 Away Shirt In Hero Frame: Option 1,449.99,GBP,Out of Stock,1015mm (W) x 750mm (H) x 25mm (D),1-5 working days,Signed shirts,Sergio Busquets,Framed,I3211HF1,https://www.icons.com/sergio-busquets-back-signed-spain-2010-away-shirt-in-hero-frame-option-1-95412.html,449.99,True,False
Sergio Busquets,Sergio Busquets Back Signed Spain 2010 Away Shirt In Classic Frame,424.99,GBP,Out of Stock,885mm (H) x 780mm (W) x 30mm (D),1-5 working days,Signed shirts,Sergio Busquets,Framed,I3211CF,https://www.icons.com/sergio-busquets-back-signed-spain-2010-away-shirt-in-classic-frame-15304.html,424.99,True,False
Sergio Busquets,Sergio Busquets Back Signed Spain 2022-23 Home Shirt In Hero Frame: Option 1,449.99,GBP,Out of Stock,1015mm (W) x 750mm (H) x 25mm (D),1-5 working days,Signed shirts,Sergio Busquets,Framed,I3210HF1,https://www.icons.com/sergio-busquets-back-signed-spain-2022-23-home-shirt-in-hero-frame-option-1-87604.html,449.99,True,False
Sergio Busquets,Sergio Busquets Back Signed Spain 2022-23 Home Shirt In Classic Frame,424.99,GBP,Out of Stock,885mm (H) x 780mm (W) x 30mm (D),1-5 working days,Signed shirts,Sergio Busquets,Framed,I3210CF,https://www.icons.com/sergio-busquets-back-signed-spain-2022-23-home-shirt-in-classic-frame-59680.html,424.99,True,False
Sergio Busquets,Sergio Busquets Official UEFA Champions League Back Signed and Hero Framed FC Barcelona 2022-23 Home Shirt,599.99,GBP,Out of Stock,920mm (H) x 1120mm (W) x 20mm (D),1-5 working days,Signed shirts,Sergio Busquets,Framed,I3209UCLHF,https://www.icons.com/sergio-busquets-official-uefa-champions-league-back-signed-and-hero-framed-fc-barcelona-2022-23-home-shirt-48957.html,599.99,True,False
Sergio Busquets,Sergio Busquets Official UEFA Champions League Back Signed and Framed FC Barcelona 2022-23 Home Shirt,549.99,GBP,Out of Stock,875mm (H) x 785mm (W) x 38mm (D),1-5 working days,Signed shirts,Sergio Busquets,Framed,I3209UCLF,https://www.icons.com/sergio-busquets-official-uefa-champions-league-back-signed-and-framed-fc-barcelona-2022-23-home-shirt-04297.html,549.99,True,False
Sergio Busquets,Sergio Busquets Signed and Framed FC Barcelona Branded Captain's Armband,299.99,GBP,Out of Stock,,1-5 working days,Miscellaneous,Sergio Busquets,Framed,I1582IARMF1,https://www.icons.com/sergio-busquets-signed-fc-barcelona-captains-armband-79305.html,299.99,True,False
Sergio Busquets,FC Barcelona Squad Signed & Unsigned 'Campions 27' Shirts In Official FC Barcelona Dual Frame,2499.99,GBP,Out of Stock,,1-5 working days,Signed shirts,Multi-Signed,Framed,I2680US1641FCBF,https://www.icons.com/fc-barcelona-squad-signed-unsigned-campions-27-shirts-in-official-fc-barcelona-dual-frame.html,2499.99,False,False
Sergio Busquets,Sergio Busquets Official FC Barcelona Signed and Framed Branded Captain's Armband,499.99,GBP,Out of Stock,,1-5 working days,Miscellaneous,Sergio Busquets,Framed,I1582FCBF,https://www.icons.com/sergio-busquets-official-fcb-signed-fc-barcelona-captains-armband-79305.html,499.99,True,False
Sergio Busquets,"Andres Iniesta, Xavi and Sergio Busquets Official FC Barcelona Front Signed and Framed 2013-14 Away Shirt",2999.99,GBP,Out of Stock,920mm (H) x 1120mm (W) x 20mm (D),1-5 working days,Signed shirts,Multi-Signed,Framed,I1590FCBF,https://www.icons.com/andres-iniesta-xavi-and-sergio-busquets-official-fc-barcelona-front-signed-and-framed-2013-14-away-shirt.html,2999.99,False,False
Sergio Busquets,Luis Enrique & Sergio Busquets Signed Spain Shirts In Classic Dual Frame,799.99,GBP,Out of Stock,1200mm (W) x 900mm (H) x 30mm (D),1-5 working days,Signed shirts,"Luis Enrique, Sergio Busquets",Framed,I1757I1615DS,https://www.icons.com/luis-enrique-sergio-busquets-signed-spain-shirts-in-classic-dual-frame-02437.html,799.99,False,False
Sergio Busquets,Sergio Busquets Back Signed Spain 2022-23 Home Shirt With Fan Style Number In Classic Frame,399.99,GBP,Out of Stock,885mm (H) x 780mm (W) x 30mm (D),1-5 working days,Signed shirts,Sergio Busquets,Framed,I1615CF,https://www.icons.com/sergio-busquets-back-signed-spain-2022-23-home-shirt-with-fan-style-number-in-classic-frame-42096.html,399.99,True,False
Sergio Busquets,Sergio Busquets Back Signed FC Barcelona 2018-19 Home Shirt With Fan Style Number In Hero Frame: Option 1,424.99,GBP,Out of Stock,1015mm (W) x 750mm (H) x 25mm (D),1-5 working days,Signed shirts,Sergio Busquets,Framed,I1614HF1,https://www.icons.com/sergio-busquets-back-signed-fc-barcelona-2018-19-home-shirt-with-fan-style-number-in-hero-frame-option-1-82597.html,424.99,True,False
Sergio Busquets,Sergio Busquets Back Signed FC Barcelona 2018-19 Home Shirt With Fan Style Number In Classic Frame,399.99,GBP,Out of Stock,885mm (H) x 780mm (W) x 30mm (D),1-5 working days,Signed shirts,Sergio Busquets,Framed,I1614CF,https://www.icons.com/sergio-busquets-back-signed-fc-barcelona-2018-19-home-shirt-with-fan-style-number-in-classic-frame-86324.html,399.99,True,False
Sergio Busquets,Sergio Busquets Official UEFA Europa League Back Signed FC Barcelona 2022-23 Home Shirt,299.99,GBP,Out of Stock,,2 working days,Signed shirts,Sergio Busquets,Unframed,I1588UEL,https://www.icons.com/sergio-busquets-official-uel-back-signed-fc-barcelona-2022-23-home-shirt-19285.html,299.99,True,False
Sergio Busquets,Sergio Busquets Back Signed FC Barcelona 2022-23 Home Shirt In Hero Frame: Option 1,449.99,GBP,Out of Stock,1015mm (W) x 750mm (H) x 25mm (D),1-5 working days,Signed shirts,Sergio Busquets,Framed,I1588HF1,https://www.icons.com/sergio-busquets-back-signed-fc-barcelona-2022-23-home-shirt-in-hero-frame-option-1-19038.html,449.99,True,False
Sergio Busquets,Sergio Busquets Back Signed FC Barcelona 2022-23 Home Shirt In Classic Frame,424.99,GBP,Out of Stock,885mm (H) x 780mm (W) x 30mm (D),1-5 working days,Signed shirts,Sergio Busquets,Framed,I1588CF,https://www.icons.com/sergio-busquets-back-signed-fc-barcelona-2022-23-home-shirt-in-classic-frame-31207.html,424.99,True,False
Sergio Busquets,Sergio Busquets Signed FC Barcelona Photo In Black Wooden Frame: Camp Nou Legend,149.99,GBP,Out of Stock,16 x 12 inches,1-5 working days,Signed photos,Sergio Busquets,Framed,I1583BWF,https://www.icons.com/sergio-busquets-signed-fc-barcelona-photo-in-black-wooden-frame-10538.html,149.99,True,False
Sergio Busquets,Sergio Busquets Signed UEFA Champions League Football In Acrylic Case,249.99,GBP,Out of Stock,260mm (W) x 260mm (D) x 265mm (H),2 working days,Signed balls,Sergio Busquets,Acrylic Cased,I1581AD,https://www.icons.com/sergio-busquets-signed-uefa-champions-league-football-in-case-29371.html,249.99,True,False
Sergio Busquets,Sergio Busquets Back Signed FC Barcelona 2022-23 Home Shirt,249.99,GBP,Out of Stock,,2 working days,Signed shirts,Sergio Busquets,Unframed,I1588,https://www.icons.com/sergio-busquets-back-signed-fc-barcelona-2022-23-home-shirt-19284.html,249.99,True,False
Sergio Busquets,Sergio Busquets Back Signed Spain 2022-23 Home Shirt,224.99,GBP,Out of Stock,,2 working days,Signed shirts,Sergio Busquets,Unframed,I1586,https://www.icons.com/sergio-busquets-back-signed-spain-2022-23-home-shirt-90642.html,224.99,True,False
Sergio Busquets,Sergio Busquets Signed FC Barcelona Photo: Camp Nou Legend,99.99,GBP,Out of Stock,16 x 12 inches,2 working days,Signed photos,Sergio Busquets,Unframed,I1583,https://www.icons.com/sergio-busquets-signed-fc-barcelona-photo-10537.html,99.99,True,False
Sergio Busquets,Sergio Busquets Signed FC Barcelona Branded Captain's Armband,199.99,GBP,Out of Stock,,2 working days,Miscellaneous,Sergio Busquets,Unframed,I1582,https://www.icons.com/sergio-busquets-signed-fc-barcelona-captains-armband-79304.html,199.99,True,False
Jack Butland,Jack Butland Signed Goalkeeper Glove,149.99,GBP,In Stock,,2 working days,Signed gloves,Jack Butland,Unframed,A10252,https://www.icons.com/jack-butland-signed-goalkeeper-glove-19684.html,149.99,True,True
Jack Butland,Jack Butland Signed Plaque and Photo Frame: Rangers Star,99.99,GBP,Out of Stock,,1-5 working days,Signed cards and plaques,Jack Butland,Framed,ICJBEPENGPLQF1,https://www.icons.com/jack-butland-signed-black-plaque-and-photo-frame-2093874.html,99.99,True,False
Jack Butland,Jack Butland Back Signed Stoke City 2016-17 Goalkeeper Shirt In Classic Frame,299.99,GBP,Out of Stock,885mm (H) x 780mm (W) x 30mm (D),1-5 working days,Signed shirts,Jack Butland,Framed,ICJBSS1CF,https://www.icons.com/jack-butland-back-signed-stoke-city-2016-17-goalkeeper-shirt-in-classic-frame.html,299.99,True,False
Jack Butland,Jack Butland Back Signed Stoke City 2016-17 Goalkeeper Shirt In Hero Frame: Option 1,349.99,GBP,Out of Stock,1015mm (W) x 750mm (H) x 25mm (D),1-5 working days,Signed shirts,Jack Butland,Framed,ICJBSS1HF1,https://www.icons.com/jack-butland-back-signed-stoke-city-2016-17-goalkeeper-shirt-in-hero-frame-option-1.html,349.99,True,False
Jack Butland,Jack Butland Back Signed 2016-17 England Goalkeeper Shirt,199.99,GBP,Out of Stock,,2 working days,Signed shirts,Jack Butland,Unframed,ICJBES1ENG,https://www.icons.com/jack-butland-england-back-signed-2016-17-england-goalkeeper-shirt.html,199.99,True,False
Jack Butland,Jack Butland Back Signed Stoke City 2016-17 Goalkeeper Shirt,199.99,GBP,Out of Stock,,2 working days,Signed shirts,Jack Butland,Unframed,ICJBSS1,https://www.icons.com/jack-butland-back-signed-stoke-city-2016-17-goalkeeper-shirt.html,199.99,True,False
Dominic Calvert-Lewin,Richarlison & Dominic Calvert-Lewin Signed Everton Home Shirts In Classic Dual Frame,679.99,GBP,Out of Stock,1200mm (W) x 900mm (H) x 30mm (D),1-5 working days,Signed shirts,"Dominic Calvert-Lewin, Richarlison",Framed,TB1106TB1105DS,https://www.icons.com/richarlison-dominic-calvert-lewin-signed-everton-home-shirts-in-classic-dual-frame.html,679.99,False,False
Dominic Calvert-Lewin,Dominic Calvert-Lewin Back Signed Everton 2020-21 Home Shirt In Hero Frame: Option 1,449.99,GBP,Out of Stock,1015mm (W) x 750mm (H) x 25mm (D),1-5 working days,Signed shirts,Dominic Calvert-Lewin,Framed,TB1105HF1,https://www.icons.com/dominic-calvert-lewin-back-signed-everton-2020-21-home-shirt-in-hero-frame-1.html,449.99,True,False
Dominic Calvert-Lewin,Dominic Calvert-Lewin Back Signed Everton 2020-21 Home Shirt In Classic Frame,399.99,GBP,Out of Stock,885mm (H) x 780mm (W) x 30mm (D),1-5 working days,Signed shirts,Dominic Calvert-Lewin,Framed,TB1105CF,https://www.icons.com/dominic-calvert-lewin-back-signed-everton-2020-21-home-shirt-in-classic-frame.html,399.99,True,False
Dominic Calvert-Lewin,Dominic Calvert-Lewin Back Signed Everton 2020-21 Home Shirt,299.99,GBP,Out of Stock,,2 working days,Signed shirts,Dominic Calvert-Lewin,Unframed,TB1105,https://www.icons.com/dominic-calvert-lewin-back-signed-everton-2020-21-home-shirt.html,299.99,True,False
Eduardo Camavinga,Eduardo Camavinga Official UEFA Champions League Back Signed Real Madrid 2025-26 Home Shirt With Fan Style Number In Deluxe Packaging,470.0,GBP,In Stock,375mm (H) x 315mm (W) x 40mm (D),2 working days,Signed shirts,Eduardo Camavinga,Deluxe Packaged,I5049UCLD,https://www.icons.com/eduardo-camavinga-back-signed-real-madrid-2025-26-home-shirt-with-fan-style-number-in-deluxe-packaging-ucl-boxed-19033.html,470.0,True,True
Eduardo Camavinga,Eduardo Camavinga Official UEFA Champions League Back Signed Real Madrid 2023-24 Authentic Home Shirt In Deluxe Packaging,470.0,GBP,In Stock,375mm (H) x 315mm (W) x 40mm (D),2 working days,Signed shirts,Eduardo Camavinga,Deluxe Packaged,I5047UCLD,https://www.icons.com/eduardo-camavinga-back-signed-real-madrid-2023-24-authentic-home-shirt-ucl-boxed-82411.html,470.0,True,True
Eduardo Camavinga,Eduardo Camavinga Official UEFA Champions League Back Signed Real Madrid 2023-24 Away Shirt In Deluxe Packaging,470.0,GBP,In Stock,375mm (H) x 315mm (W) x 40mm (D),2 working days,Signed shirts,Eduardo Camavinga,Deluxe Packaged,I5048UCLD,https://www.icons.com/eduardo-camavinga-back-signed-real-madrid-2023-24-away-shirt-ucl-boxed-71681.html,470.0,True,True
Eduardo Camavinga,Eduardo Camavinga Signed Nike Phantom Boot In Acrylic Case,249.99,GBP,In Stock,340mm (W) x 230mm (D) x 190mm (H),2 working days,Signed boots,Eduardo Camavinga,Acrylic Cased,I5051AD,https://www.icons.com/eduardo-camavinga-signed-nike-phantom-boot-52908.html,249.99,True,True
Eduardo Camavinga,Eduardo Camavinga Signed Nike Phantom Boot In Bubble Frame: Option 1,349.99,GBP,In Stock,610mm (W) x 520mm (H) x 127mm (D),1-5 working days,Signed boots,Eduardo Camavinga,Framed,I5051BUBF1,https://www.icons.com/eduardo-camavinga-signed-nike-phantom-boot-bubble-frame-52908.html,349.99,True,True
Eduardo Camavinga,Eduardo Camavinga Official UEFA Champions League Signed and Framed Real Madrid CF Photo: 2022 Winner,249.99,GBP,In Stock,16 x 12 inches,1-5 working days,Signed photos,Eduardo Camavinga,Framed,I5052UCLF,https://www.icons.com/eduardo-camavinga-official-uefa-champions-league-signed-and-framed-real-madrid-photo-uefa-champions-league-winner-40657.html,249.99,True,True
Eduardo Camavinga,Eduardo Camavinga Signed Real Madrid Photo In Black Wooden Frame: UEFA Champions League Winner,149.99,GBP,In Stock,16 x 12 inches,1-5 working days,Signed photos,Eduardo Camavinga,Framed,I5052BWF,https://www.icons.com/eduardo-camavinga-signed-real-madrid-photo-in-black-wooden-frame-uefa-champions-league-winner-96410.html,149.99,True,True
Eduardo Camavinga,Eduardo Camavinga Official UEFA Champions League Back Signed and Hero Framed Real Madrid 2025-26 Home Shirt With Fan Style Number,649.99,GBP,In Stock,920mm (H) x 1120mm (W) x 20mm (D),1-5 working days,Signed shirts,Eduardo Camavinga,Framed,I5049UCLHF,https://www.icons.com/eduardo-camavinga-official-uefa-champions-league-back-signed-and-hero-framed-real-madrid-2025-26-home-shirt-with-fan-style-number-46209.html,649.99,True,True
Eduardo Camavinga,Eduardo Camavinga Official UEFA Champions League Back Signed and Framed Real Madrid 2023-24 Authentic Home Shirt,699.99,GBP,In Stock,875mm (H) x 785mm (W) x 38mm (D),1-5 working days,Signed shirts,Eduardo Camavinga,Framed,I5047UCLF,https://www.icons.com/eduardo-camavinga-official-uefa-champions-league-back-signed-and-framed-real-madrid-2023-24-authentic-home-shirt-52046.html,699.99,True,True
Eduardo Camavinga,Eduardo Camavinga Official UEFA Champions League Back Signed and Hero Framed Real Madrid 2023-24 Away Shirt,749.99,GBP,In Stock,920mm (H) x 1120mm (W) x 20mm (D),1-5 working days,Signed shirts,Eduardo Camavinga,Framed,I5048UCLHF,https://www.icons.com/eduardo-camavinga-official-uefa-champions-league-back-signed-and-hero-framed-real-madrid-2023-24-away-shirt-91682.html,749.99,True,True
Eduardo Camavinga,Eduardo Camavinga Official UEFA Champions League Back Signed and Framed Real Madrid 2023-24 Away Shirt,699.99,GBP,In Stock,875mm (H) x 785mm (W) x 38mm (D),1-5 working days,Signed shirts,Eduardo Camavinga,Framed,I5048UCLF,https://www.icons.com/eduardo-camavinga-official-uefa-champions-league-back-signed-and-framed-real-madrid-2023-24-away-shirt-17286.html,699.99,True,True
Eduardo Camavinga,Eduardo Camavinga Official UEFA Champions League Back Signed and Framed Real Madrid 2025-26 Home Shirt With Fan Style Number,599.99,GBP,In Stock,875mm (H) x 785mm (W) x 38mm (D),1-5 working days,Signed shirts,Eduardo Camavinga,Framed,I5049UCLF,https://www.icons.com/eduardo-camavinga-official-uefa-champions-league-back-signed-and-framed-real-madrid-2025-26-home-shirt-with-fan-style-number-53821.html,599.99,True,True
Eduardo Camavinga,Eduardo Camavinga Back Signed Real Madrid 2025-26 Home Shirt With Fan Style Number In Hero Frame: Option 1,499.99,GBP,In Stock,1015mm (W) x 750mm (H) x 25mm (D),1-5 working days,Signed shirts,Eduardo Camavinga,Framed,I5049HF1,https://www.icons.com/eduardo-camavinga-back-signed-real-madrid-2025-26-home-shirt-with-fan-style-number-in-hero-frame-option-1-39582.html,499.99,True,True
Eduardo Camavinga,Eduardo Camavinga Back Signed Real Madrid 2025-26 Home Shirt With Fan Style Number In Deluxe Packaging,334.99,GBP,In Stock,375mm (H) x 315mm (W) x 40mm (D),2 working days,Signed shirts,Eduardo Camavinga,Deluxe Packaged,I5049D,https://www.icons.com/eduardo-camavinga-back-signed-real-madrid-2025-26-home-shirt-with-fan-style-number-in-deluxe-packaging-19032.html,334.99,True,True
Eduardo Camavinga,Eduardo Camavinga Back Signed Real Madrid 2023-24 Away Shirt In Classic Frame,574.99,GBP,In Stock,885mm (H) x 780mm (W) x 30mm (D),1-5 working days,Signed shirts,Eduardo Camavinga,Framed,I5048CF,https://www.icons.com/eduardo-camavinga-back-signed-real-madrid-2023-24-away-shirt-in-classic-frame-04987.html,574.99,True,True
Eduardo Camavinga,Eduardo Camavinga Back Signed Real Madrid 2023-24 Authentic Home Shirt In Hero Frame: Option 1,599.99,GBP,In Stock,1015mm (W) x 750mm (H) x 25mm (D),1-5 working days,Signed shirts,Eduardo Camavinga,Framed,I5047HF1,https://www.icons.com/eduardo-camavinga-back-signed-real-madrid-2023-24-authentic-home-shirt-in-hero-frame-option-1-73265.html,599.99,True,True
Eduardo Camavinga,Eduardo Camavinga Official UEFA Champions League Back Signed and Hero Framed Real Madrid 2023-24 Authentic Home Shirt,749.99,GBP,In Stock,920mm (H) x 1120mm (W) x 20mm (D),1-5 working days,Signed shirts,Eduardo Camavinga,Framed,I5047UCLHF,https://www.icons.com/eduardo-camavinga-official-uefa-champions-league-back-signed-and-hero-framed-real-madrid-2023-24-authentic-home-shirt-34165.html,749.99,True,True
Eduardo Camavinga,Eduardo Camavinga Back Signed Real Madrid 2025-26 Home Shirt With Fan Style Number In Classic Frame,474.99,GBP,In Stock,885mm (H) x 780mm (W) x 30mm (D),1-5 working days,Signed shirts,Eduardo Camavinga,Framed,I5049CF,https://www.icons.com/eduardo-camavinga-back-signed-real-madrid-2025-26-home-shirt-with-fan-style-number-in-classic-frame-76941.html,474.99,True,True
Eduardo Camavinga,Eduardo Camavinga Back Signed Real Madrid 2023-24 Away Shirt In Hero Frame: Option 1,599.99,GBP,In Stock,1015mm (W) x 750mm (H) x 25mm (D),1-5 working days,Signed shirts,Eduardo Camavinga,Framed,I5048HF1,https://www.icons.com/eduardo-camavinga-back-signed-real-madrid-2023-24-away-shirt-in-hero-frame-option-1-79126.html,599.99,True,True
Eduardo Camavinga,Eduardo Camavinga Back Signed Real Madrid 2023-24 Authentic Home Shirt In Classic Frame,574.99,GBP,In Stock,885mm (H) x 780mm (W) x 30mm (D),1-5 working days,Signed shirts,Eduardo Camavinga,Framed,I5047CF,https://www.icons.com/eduardo-camavinga-back-signed-real-madrid-2023-24-authentic-home-shirt-in-classic-frame-89316.html,574.99,True,True
Eduardo Camavinga,Eduardo Camavinga Back Signed Real Madrid 2021-22 Home Shirt In Deluxe Packaging,584.99,GBP,In Stock,375mm (H) x 315mm (W) x 40mm (D),2 working days,Signed shirts,Eduardo Camavinga,Deluxe Packaged,I3436D,https://www.icons.com/eduardo-camavinga-back-signed-real-madrid-2021-22-home-shirt-in-deluxe-packaging-65837.html,584.99,True,True
Eduardo Camavinga,Eduardo Camavinga Official UEFA Champions League Back Signed and Hero Framed Real Madrid 2021-22 Home Shirt,899.99,GBP,In Stock,920mm (H) x 1120mm (W) x 20mm (D),1-5 working days,Signed shirts,Eduardo Camavinga,Framed,I3436UCLHF,https://www.icons.com/eduardo-camavinga-official-uefa-champions-league-back-signed-and-hero-framed-real-madrid-2021-22-home-shirt-67103.html,899.99,True,True
Eduardo Camavinga,Eduardo Camavinga Official UEFA Champions League Back Signed and Framed Real Madrid 2021-22 Home Shirt,849.99,GBP,In Stock,875mm (H) x 785mm (W) x 38mm (D),1-5 working days,Signed shirts,Eduardo Camavinga,Framed,I3436UCLF,https://www.icons.com/eduardo-camavinga-official-uefa-champions-league-back-signed-and-framed-real-madrid-2021-22-home-shirt-52409.html,849.99,True,True
Eduardo Camavinga,Eduardo Camavinga Back Signed Real Madrid 2021-22 Home Shirt In Hero Frame: Option 1,749.99,GBP,In Stock,1015mm (W) x 750mm (H) x 25mm (D),1-5 working days,Signed shirts,Eduardo Camavinga,Framed,I3436HF1,https://www.icons.com/eduardo-camavinga-back-signed-real-madrid-2021-22-home-shirt-in-hero-frame-option-1-43712.html,749.99,True,True
Eduardo Camavinga,Eduardo Camavinga Back Signed Real Madrid 2021-22 Home Shirt In Classic Frame,724.99,GBP,In Stock,885mm (H) x 780mm (W) x 30mm (D),1-5 working days,Signed shirts,Eduardo Camavinga,Framed,I3436CF,https://www.icons.com/eduardo-camavinga-back-signed-real-madrid-2021-22-home-shirt-in-classic-frame-54680.html,724.99,True,True
Eduardo Camavinga,Eduardo Camavinga & Kylian Mbappe Signed Real Madrid CF Shirts In Classic Dual Frame,2250.0,GBP,Out of Stock,1200mm (W) x 900mm (H) x 30mm (D),1-5 working days,Signed shirts,"Eduardo Camavinga, Kylian Mbappe",Framed,I5049I5157DS,https://www.icons.com/eduardo-camavinga-kylian-mbappe-signed-real-madrid-cf-shirts-in-classic-dual-frame-16245.html,2250.0,False,False
Eduardo Camavinga,Eduardo Camavinga & Federico Valverde Signed Real Madrid Shirts In Classic Dual Frame,699.99,GBP,Out of Stock,1200mm (W) x 900mm (H) x 30mm (D),1-5 working days,Signed shirts,"Eduardo Camavinga, Federico Valverde",Framed,I5049I5237DS,https://www.icons.com/eduardo-camavinga-federico-valverde-signed-shirt-dual-frame.html,699.99,False,False
Eduardo Camavinga,Eduardo Camavinga Official 2026 FIFA World Cup™ Back Signed France 2024 Home Shirt With Fan Style Number In Deluxe Packaging,450.0,GBP,Out of Stock,,2 working days,Signed shirts,Eduardo Camavinga,Deluxe Packaged,I5050FW2026D,https://www.icons.com/eduardo-camavinga-back-signed-france-2024-home-shirt-in-deluxe-packaging-official-fwc-10566.html,450.0,True,False
Eduardo Camavinga,Eduardo Camavinga Official 2026 FIFA World Cup™ Back Signed and Hero Framed France 2024 Home Shirt With Fan Style Number In Hero Frame: Option 1,1100.0,GBP,Out of Stock,1015mm (W) x 750mm (H) x 25mm (D),1-5 working days,Signed shirts,Eduardo Camavinga,Framed,I5050FWC2026HF1,https://www.icons.com/eduardo-camavinga-back-signed-france-2024-home-shirt-with-fan-style-number-in-hero-frame-option-1-official-2026-hero-54183.html,1100.0,True,False
Eduardo Camavinga,Eduardo Camavinga Official 2026 FIFA World Cup™ Back Signed and Framed France 2024 Home Shirt With Fan Style Number In Classic Frame,850.0,GBP,Out of Stock,885mm (H) x 780mm (W) x 30mm (D),1-5 working days,Signed shirts,Eduardo Camavinga,Framed,I5050FWC2026F,https://www.icons.com/eduardo-camavinga-back-signed-france-2024-home-shirt-with-fan-style-number-in-classic-frame-fwc-2026-83030.html,850.0,True,False
Eduardo Camavinga,Eduardo Camavinga Signed Nike Phantom Boot In Deluxe Packaging,239.99,GBP,Out of Stock,340mm (W) x 220mm (H) x 110mm (D),2 working days,Signed boots,Eduardo Camavinga,Deluxe Packaged,I5051D,https://www.icons.com/eduardo-camavinga-signed-nike-phantom-boot-deluxe-packaging-52908.html,239.99,True,False
Eduardo Camavinga,Eduardo Camavinga Back Signed France 2024 Home Shirt With Fan Style Number In Hero Frame: Option 1,499.99,GBP,Out of Stock,1015mm (W) x 750mm (H) x 25mm (D),1-5 working days,Signed shirts,Eduardo Camavinga,Framed,I5050HF1,https://www.icons.com/eduardo-camavinga-back-signed-france-2024-home-shirt-with-fan-style-number-in-hero-frame-option-1-54182.html,499.99,True,False
Eduardo Camavinga,Eduardo Camavinga Back Signed France 2024 Home Shirt With Fan Style Number In Classic Frame,474.99,GBP,Out of Stock,885mm (H) x 780mm (W) x 30mm (D),1-5 working days,Signed shirts,Eduardo Camavinga,Framed,I5050CF,https://www.icons.com/eduardo-camavinga-back-signed-france-2024-home-shirt-with-fan-style-number-in-classic-frame-83029.html,474.99,True,False
Eduardo Camavinga,Eduardo Camavinga Back Signed France 2024 Home Shirt With Fan Style Number In Deluxe Packaging,334.99,GBP,Out of Stock,375mm (H) x 315mm (W) x 40mm (D),2 working days,Signed shirts,Eduardo Camavinga,Deluxe Packaged,I5050D,https://www.icons.com/eduardo-camavinga-back-signed-france-2024-home-shirt-with-fan-style-number-in-deluxe-packaging-52408.html,334.99,True,False
Eduardo Camavinga,Eduardo Camavinga Official UEFA Champions League Back Signed and Hero Framed Real Madrid CF 2021-22 Home Shirt,899.99,GBP,Out of Stock,920mm (H) x 1120mm (W) x 20mm (D),1-5 working days,Signed shirts,Eduardo Camavinga,Framed,I3261UCLHF,https://www.icons.com/eduardo-camavinga-official-uefa-champions-league-back-signed-and-hero-framed-real-madrid-cf-2021-22-home-shirt-83509.html,899.99,True,False
Eduardo Camavinga,Eduardo Camavinga Official UEFA Champions League Back Signed and Framed Real Madrid CF 2021-22 Home Shirt,849.99,GBP,Out of Stock,875mm (H) x 785mm (W) x 38mm (D),1-5 working days,Signed shirts,Eduardo Camavinga,Framed,I3261UCLF,https://www.icons.com/eduardo-camavinga-official-uefa-champions-league-back-signed-and-framed-real-madrid-cf-2021-22-home-shirt-67395.html,849.99,True,False
Eduardo Camavinga,Eduardo Camavinga Back Signed Real Madrid CF 2021-22 Home Shirt In Hero Frame: Option 1,749.99,GBP,Out of Stock,1015mm (W) x 750mm (H) x 25mm (D),1-5 working days,Signed shirts,Eduardo Camavinga,Framed,I3261HF1,https://www.icons.com/eduardo-camavinga-back-signed-real-madrid-cf-2021-22-home-shirt-in-hero-frame-option-1-89706.html,749.99,True,False
Eduardo Camavinga,Eduardo Camavinga Back Signed Real Madrid CF 2021-22 Home Shirt In Classic Frame,724.99,GBP,Out of Stock,885mm (H) x 780mm (W) x 30mm (D),1-5 working days,Signed shirts,Eduardo Camavinga,Framed,I3261CF,https://www.icons.com/eduardo-camavinga-back-signed-real-madrid-cf-2021-22-home-shirt-in-classic-frame-76421.html,724.99,True,False
Andy Carroll,Andy Carroll Signed Newcastle United Photo In Black Wooden Frame: Geordie Hero,74.99,GBP,Out of Stock,16 x 12 inches,1-5 working days,Signed photos,Andy Carroll,Framed,A3635BWF,https://www.icons.com/andy-carroll-signed-newcastle-united-photo-in-black-wooden-frame-geordie-hero.html,74.99,True,False
Andy Carroll,Andy Carroll Signed Newcastle United Photo: Geordie Hero,24.99,GBP,Out of Stock,16 x 12 inches,2 working days,Signed photos,Andy Carroll,Unframed,A3635,https://www.icons.com/andy-carroll-signed-newcastle-united-photo-geordie-hero.html,24.99,True,False
Casemiro,Casemiro Official UEFA Champions League Signed and Framed Real Madrid Photo: Winner,249.99,GBP,In Stock,16 x 12 inches,1-5 working days,Signed photos,Casemiro,Framed,I2665UCLF,https://www.icons.com/casemiro-official-uefa-champions-league-signed-and-framed-real-madrid-photo-uefa-champions-league-winner-21078.html,249.99,True,True
Casemiro,Casemiro Signed Real Madrid Photo In Premium Photo Frame: UEFA Champions League Winner,199.99,GBP,In Stock,16 x 12 inches,1-5 working days,Signed photos,Casemiro,Framed,I2665PPF,https://www.icons.com/casemiro-signed-real-madrid-photo-in-black-wooden-frame-uefa-champions-league-winner-25131.html,199.99,True,True
Casemiro,Casemiro Signed Real Madrid Photo In Black Wooden Frame: UEFA Champions League Winner,149.99,GBP,In Stock,16 x 12 inches,1-5 working days,Signed photos,Casemiro,Framed,I2665BWF,https://www.icons.com/casemiro-signed-real-madrid-photo-in-black-wooden-frame-uefa-champions-league-winner-25130.html,149.99,True,True
Casemiro,Casemiro Official FIFA World Cup™ Back Signed and Hero Framed Brazil 2024 Home Shirt with Fan Style Number,1100.0,GBP,Out of Stock,1030mm (W) x 745mm (H) x 33mm (D),1-5 working days,Signed shirts,Casemiro,Framed,I3561FWCCHF1,https://www.icons.com/casemiro-official-fifa-world-cup-back-signed-and-framed-brazil-2024-home-shirt-with-fan-style-number-5833.html,1100.0,True,False
Casemiro,Casemiro Official UEFA Champions League Back Signed and Framed Real Madrid 2020-21 Home Shirt,549.99,GBP,Out of Stock,875mm (H) x 785mm (W) x 38mm (D),1-5 working days,Signed shirts,Casemiro,Framed,I2657UCLF,https://www.icons.com/casemiro-official-uefa-champions-league-back-signed-and-framed-real-madrid-2020-21-home-shirt-38046.html,549.99,True,False
Casemiro,Casemiro Official FIFA World Cup™ Back Signed and Framed Brazil 2024 Home Shirt with Fan Style Number - Silver Bundle,850.0,GBP,Out of Stock,885mm (H) x 780mm (W) x 30mm (D),1-5 working days,Signed shirts,Casemiro,Framed,I3561FWCCFBUNDLE,https://www.icons.com/casemiro-official-fifa-world-cup-back-signed-and-framed-brazil-2024-home-shirt-with-fan-style-number-silver-bundle-5834.html,850.0,True,False
Casemiro,Casemiro Official 2026 FIFA World Cup™ Back Signed and Hero Framed Brazil Modern Home Shirt,1100.0,GBP,Out of Stock,1030mm (W) x 745mm (H) x 33mm (D),1-5 working days,Signed shirts,Casemiro,Framed,I4637FWC2026HF1,https://www.icons.com/casemiro-official-fifa-world-cup-back-signed-and-framed-brazil-modern-home-shirt-31653.html,1100.0,True,False
Casemiro,Casemiro Official 2026 FIFA World Cup™ Back Signed and Framed Brazil Modern Home Shirt,850.0,GBP,Out of Stock,885mm (H) x 780mm (W) x 30mm (D),1-5 working days,Signed shirts,Casemiro,Framed,I4637FWC2026F,https://www.icons.com/casemiro-official-fifa-world-cup-back-signed-and-framed-brazil-modern-home-shirt-31652.html,850.0,True,False
Casemiro,Casemiro Back Signed Brazil Modern Home Shirt In Classic Frame,414.99,GBP,Out of Stock,885mm (H) x 780mm (W) x 30mm (D),1-5 working days,Signed shirts,Casemiro,Framed,I4637CF,https://www.icons.com/casemiro-back-signed-brazil-modern-home-shirt-in-classic-frame-32748.html,414.99,True,False
Casemiro,Casemiro Back Signed Brazil Modern Home Shirt In Deluxe Packaging,274.99,GBP,Out of Stock,375mm (H) x 315mm (W) x 40mm (D),2 working days,Signed shirts,Casemiro,Deluxe Packaged,I4637D,https://www.icons.com/casemiro-back-signed-brazil-modern-home-shirt-in-deluxe-packaging-32964.html,274.99,True,False
Casemiro,Casemiro Back Signed Brazil Modern Home Shirt In Hero Frame: Option 1,439.99,GBP,Out of Stock,1015mm (W) x 750mm (H) x 25mm (D),1-5 working days,Signed shirts,Casemiro,Framed,I4637HF1,https://www.icons.com/casemiro-back-signed-brazil-modern-home-shirt-in-hero-frame-option-1-34120.html,439.99,True,False
Casemiro,Casemiro & Bruno Guimaraes Signed Brazil Shirts In Classic Dual Frame,600.0,GBP,Out of Stock,1200mm (W) x 900mm (H) x 30mm (D),1-5 working days,Signed shirts,"Casemiro, Bruno Guimaraes",Framed,I3561I2565DS,https://www.icons.com/casemiro-bruno-guimaraes-signed-brazil-dual-frame.html,600.0,False,False
Casemiro,Casemiro Official UEFA Champions League Signed Football In Acrylic Case,249.99,GBP,Out of Stock,260mm (W) x 260mm (D) x 265mm (H),2 working days,Signed balls,Casemiro,Acrylic Cased,I2660UCLAD,https://www.icons.com/casemiro-signed-uefa-champions-league-football-official-ucl-cased-97454.html,249.99,True,False
Casemiro,Casemiro Official UEFA Champions League Signed and Framed Real Madrid Photo: Final Goal,249.99,GBP,Out of Stock,16 x 12 inches,1-5 working days,Signed photos,Casemiro,Framed,I2666UCLF,https://www.icons.com/casemiro-official-uefa-champions-league-signed-and-framed-real-madrid-photo-uefa-champions-league-final-goal-75963.html,249.99,True,False
Casemiro,Casemiro Official UEFA Champions League Back Signed and Hero Framed Real Madrid 2020-21 Home Shirt,599.99,GBP,Out of Stock,920mm (H) x 1120mm (W) x 20mm (D),1-5 working days,Signed shirts,Casemiro,Framed,I2657UCLHF,https://www.icons.com/casemiro-official-uefa-champions-league-back-signed-and-hero-framed-real-madrid-2020-21-home-shirt-42036.html,599.99,True,False
Casemiro,Casemiro Official UEFA Champions League Back Signed and Hero Framed Real Madrid 2023-24 Home Shirt,599.99,GBP,Out of Stock,920mm (H) x 1120mm (W) x 20mm (D),1-5 working days,Signed shirts,Casemiro,Framed,I2662UCLHF,https://www.icons.com/casemiro-official-uefa-champions-league-back-signed-and-hero-framed-real-madrid-2023-24-home-shirt-12964.html,599.99,True,False
Casemiro,Casemiro Official UEFA Champions League Back Signed and Framed Real Madrid 2023-24 Home Shirt,549.99,GBP,Out of Stock,875mm (H) x 785mm (W) x 38mm (D),1-5 working days,Signed shirts,Casemiro,Framed,I2662UCLF,https://www.icons.com/casemiro-official-uefa-champions-league-back-signed-and-framed-real-madrid-2023-24-home-shirt-56410.html,549.99,True,False
Casemiro,Casemiro Back Signed Brazil 2024 Home Shirt with Fan Style Number In Deluxe Packaging,284.99,GBP,Out of Stock,375mm (H) x 315mm (W) x 40mm (D),2 working days,Signed shirts,Casemiro,Deluxe Packaged,I3561D,https://www.icons.com/casemiro-back-signed-brazil-2024-home-shirt-with-fan-style-number-in-deluxe-packaging-93127.html,284.99,True,False
Casemiro,Casemiro Back Signed Real Madrid 2023-24 Home Shirt In Deluxe Packaging,284.99,GBP,Out of Stock,375mm (H) x 315mm (W) x 40mm (D),2 working days,Signed shirts,Casemiro,Deluxe Packaged,I2662D,https://www.icons.com/casemiro-back-signed-real-madrid-2023-24-home-shirt-in-deluxe-packaging-96481.html,284.99,True,False
Casemiro,Casemiro Back Signed Real Madrid 2020-21 Home Shirt In Deluxe Packaging,284.99,GBP,Out of Stock,375mm (H) x 315mm (W) x 40mm (D),2 working days,Signed shirts,Casemiro,Deluxe Packaged,I2657D,https://www.icons.com/casemiro-back-signed-real-madrid-2020-21-home-shirt-in-deluxe-packaging-64285.html,284.99,True,False
Casemiro,Casemiro Official FIFA World Cup™ Back Signed and Framed Brazil 2024 Home Shirt with Fan Style Number,850.0,GBP,Out of Stock,885mm (H) x 780mm (W) x 30mm (D),1-5 working days,Signed shirts,Casemiro,Framed,I3561FWCCF,https://www.icons.com/casemiro-official-fifa-world-cup-back-signed-and-framed-brazil-2024-home-shirt-with-fan-style-number-05832.html,850.0,True,False
Casemiro,Casemiro Back Signed Brazil 2024 Home Shirt with Fan Style Number In Hero Frame: Option 1,449.99,GBP,Out of Stock,1015mm (W) x 750mm (H) x 25mm (D),1-5 working days,Signed shirts,Casemiro,Framed,I3561HF1,https://www.icons.com/casemiro-back-signed-brazil-2024-home-shirt-with-fan-style-number-in-hero-frame-option-1-47521.html,449.99,True,False
Casemiro,Casemiro Back Signed Brazil 2024 Home Shirt with Fan Style Number In Classic Frame,424.99,GBP,Out of Stock,885mm (H) x 780mm (W) x 30mm (D),1-5 working days,Signed shirts,Casemiro,Framed,I3561CF,https://www.icons.com/casemiro-back-signed-brazil-2024-home-shirt-with-fan-style-number-in-classic-frame-09386.html,424.99,True,False
Casemiro,Luka Modric & Casemiro Real Madrid CF Signed Photos In Dual Photo Frame,299.99,GBP,Out of Stock,16 x 12 inches,1-5 working days,Signed photos,Luka Modric,Framed,I2515I2665DP,https://www.icons.com/dida-brazil-gianluigi-buffon-italy-signed-photos-in-dual-photo-frame-4.html,299.99,False,False
Casemiro,Casemiro Back Signed Porto 2018-19 Home Shirt In Hero Frame: Option 1,374.99,GBP,Out of Stock,1015mm (W) x 750mm (H) x 25mm (D),1-5 working days,Signed shirts,Casemiro,Framed,I2661HF1,https://www.icons.com/casemiro-back-signed-porto-2018-19-home-shirt-in-hero-frame-option-1-16258.html,374.99,True,False
Casemiro,Casemiro Back Signed Porto 2018-19 Home Shirt In Classic Frame,349.99,GBP,Out of Stock,885mm (H) x 780mm (W) x 30mm (D),1-5 working days,Signed shirts,Casemiro,Framed,I2661CF,https://www.icons.com/casemiro-back-signed-porto-2018-19-home-shirt-in-classic-frame-17034.html,349.99,True,False
Casemiro,Casemiro Signed Real Madrid Photo In Black Wooden Frame: UEFA Champions League Final Goal,149.99,GBP,Out of Stock,16 x 12 inches,1-5 working days,Signed photos,Casemiro,Framed,I2666BWF,https://www.icons.com/casemiro-signed-real-madrid-photo-in-black-wooden-frame-uefa-champions-league-final-goal-15409.html,149.99,True,False
Casemiro,"Casemiro Back Signed Real Madrid 2020-21 Home Shirt ""5x UCL Winner"" Inscription  In Hero Frame: Option 1",599.99,GBP,Out of Stock,1015mm (W) x 750mm (H) x 25mm (D),1-5 working days,Signed shirts,Casemiro,Framed,I2668HF1,https://www.icons.com/casemiro-back-signed-real-madrid-2020-21-home-shirt-5x-ucl-winner-inscription-in-hero-frame-option-1-45268.html,599.99,True,False
Casemiro,"Casemiro Back Signed Real Madrid 2020-21 Home Shirt ""5x UCL Winner"" Inscription  In Classic Frame",574.99,GBP,Out of Stock,885mm (H) x 780mm (W) x 30mm (D),1-5 working days,Signed shirts,Casemiro,Framed,I2668CF,https://www.icons.com/casemiro-back-signed-real-madrid-2020-21-home-shirt-5x-ucl-winner-inscription-in-classic-frame-73962.html,574.99,True,False
Casemiro,Casemiro Back Signed Brazil 2022 Home Shirt In Hero Frame: Option 1,449.99,GBP,Out of Stock,1015mm (W) x 750mm (H) x 25mm (D),1-5 working days,Signed shirts,Casemiro,Framed,I2664HF1,https://www.icons.com/casemiro-back-signed-brazil-2022-home-shirt-in-hero-frame-option-1-70194.html,449.99,True,False
Casemiro,Casemiro Back Signed Brazil 2022 Home Shirt In Classic Frame,424.99,GBP,Out of Stock,885mm (H) x 780mm (W) x 30mm (D),1-5 working days,Signed shirts,Casemiro,Framed,I2664CF,https://www.icons.com/casemiro-back-signed-brazil-2022-home-shirt-in-classic-frame-85417.html,424.99,True,False
Casemiro,Casemiro Back Signed Brazil 2022 Home Shirt with Fan Style Number In Classic Frame,424.99,GBP,Out of Stock,885mm (H) x 780mm (W) x 30mm (D),1-5 working days,Signed shirts,Casemiro,Framed,I2663CF,https://www.icons.com/casemiro-back-signed-brazil-2022-home-shirt-with-fan-style-number-in-classic-frame-41386.html,424.99,True,False
Casemiro,Casemiro Back Signed Brazil 2022 Home Shirt with Fan Style Number In Hero Frame: Option 1,449.99,GBP,Out of Stock,1015mm (W) x 750mm (H) x 25mm (D),1-5 working days,Signed shirts,Casemiro,Framed,I2663HF1,https://www.icons.com/casemiro-back-signed-brazil-2022-home-shirt-with-fan-style-number-in-hero-frame-option-1-68317.html,449.99,True,False
Casemiro,Casemiro Back Signed Real Madrid 2023-24 Home Shirt In Classic Frame,424.99,GBP,Out of Stock,885mm (H) x 780mm (W) x 30mm (D),1-5 working days,Signed shirts,Casemiro,Framed,I2662CF,https://www.icons.com/casemiro-back-signed-real-madrid-2023-24-home-shirt-in-classic-frame-51697.html,424.99,True,False
Casemiro,Casemiro Back Signed Real Madrid 2023-24 Home Shirt In Hero Frame: Option 1,449.99,GBP,Out of Stock,1015mm (W) x 750mm (H) x 25mm (D),1-5 working days,Signed shirts,Casemiro,Framed,I2662HF1,https://www.icons.com/casemiro-back-signed-real-madrid-2023-24-home-shirt-in-hero-frame-option-1-74612.html,449.99,True,False
Casemiro,Casemiro Back Signed Real Madrid 2020-21 Home Shirt In Classic Frame,424.99,GBP,Out of Stock,885mm (H) x 780mm (W) x 30mm (D),1-5 working days,Signed shirts,Casemiro,Framed,I2657CF,https://www.icons.com/casemiro-back-signed-real-madrid-2020-21-home-shirt-in-classic-frame-60872.html,424.99,True,False
Casemiro,Casemiro Back Signed Real Madrid 2020-21 Home Shirt In Hero Frame: Option 1,449.99,GBP,Out of Stock,1015mm (W) x 750mm (H) x 25mm (D),1-5 working days,Signed shirts,Casemiro,Framed,I2657HF1,https://www.icons.com/casemiro-back-signed-real-madrid-2020-21-home-shirt-in-hero-frame-option-1-03451.html,449.99,True,False
Casemiro,Casemiro Back Signed Porto 2018-19 Home Shirt,174.99,GBP,Out of Stock,,2 working days,Signed shirts,Casemiro,Unframed,I2661,https://www.icons.com/casemiro-back-signed-porto-2018-19-home-shirt-60497.html,174.99,True,False
Casemiro,Casemiro Signed FIFA World Cup Football,79.0,GBP,Out of Stock,,2 working days,Signed balls,Casemiro,Unframed,I2658,https://www.icons.com/casemiro-signed-fifa-world-cup-football-83194.html,79.0,True,False
Casemiro,Casemiro Back Signed Real Madrid CF 2020-21 Home Shirt with Fan Style Numbers In Hero Frame: Option 1,449.99,GBP,Out of Stock,1015mm (W) x 750mm (H) x 25mm (D),1-5 working days,Signed shirts,Casemiro,Framed,I1892HF1,https://www.icons.com/casemiro-back-signed-real-madrid-cf-2020-21-home-shirt-with-fan-style-numbers-in-hero-frame-option-1-08425.html,449.99,True,False
Casemiro,Casemiro Back Signed Real Madrid CF 2020-21 Home Shirt with Fan Style Numbers In Classic Frame,424.99,GBP,Out of Stock,885mm (H) x 780mm (W) x 30mm (D),1-5 working days,Signed shirts,Casemiro,Framed,I1892CF,https://www.icons.com/casemiro-back-signed-real-madrid-cf-2020-21-home-shirt-with-fan-style-numbers-in-classic-frame-91623.html,424.99,True,False
Casemiro,Casemiro Signed Real Madrid CF Photo In Black Wooden Frame: 2017 UEFA Champions League Winner,129.99,GBP,Out of Stock,16 x 12 inches,1-5 working days,Signed photos,Casemiro,Framed,I1895BWF,https://www.icons.com/casemiro-signed-real-madrid-cf-photo-in-black-wooden-frame-2017-uefa-champions-league-winner-91680.html,129.99,True,False
Casemiro,Casemiro Front Signed Porto 2018-19 Home Shirt In Hero Frame: Option 1,349.99,GBP,Out of Stock,1015mm (W) x 750mm (H) x 25mm (D),1-5 working days,Signed shirts,Casemiro,Framed,I1891HF1,https://www.icons.com/casemiro-front-signed-porto-2018-19-home-shirt-in-hero-frame-option-1-94578.html,349.99,True,False
Casemiro,Casemiro Front Signed Porto 2018-19 Home Shirt In Classic Frame,324.99,GBP,Out of Stock,885mm (H) x 780mm (W) x 30mm (D),1-5 working days,Signed shirts,Casemiro,Framed,I1891CF,https://www.icons.com/casemiro-front-signed-porto-2018-19-home-shirt-in-classic-frame-19046.html,324.99,True,False
Casemiro,Casemiro Signed Real Madrid CF Photo: 2017 UEFA Champions League Winner,79.99,GBP,Out of Stock,16 x 12 inches,2 working days,Signed photos,Casemiro,Unframed,I1895,https://www.icons.com/casemiro-signed-real-madrid-cf-photo-2017-uefa-champions-league-winner-49165.html,79.99,True,False
Casemiro,Casemiro Signed Real Madrid CF Photo: 2022 UEFA Champions League Winner,79.99,GBP,Out of Stock,16 x 12 inches,2 working days,Signed photos,Casemiro,Unframed,I1894,https://www.icons.com/casemiro-signed-real-madrid-cf-photo-2022-uefa-champions-league-winner-03528.html,79.99,True,False
Casemiro,Casemiro Back Signed Real Madrid CF 2020-21 Home Shirt with Fan Style Numbers,249.99,GBP,Out of Stock,,2 working days,Signed shirts,Casemiro,Unframed,I1892,https://www.icons.com/casemiro-back-signed-real-madrid-cf-2020-21-home-shirt-with-fan-style-numbers-07148.html,249.99,True,False
Casemiro,Casemiro Front Signed Porto 2018-19 Home Shirt,149.99,GBP,Out of Stock,,2 working days,Signed shirts,Casemiro,Unframed,I1891,https://www.icons.com/casemiro-front-signed-porto-2018-19-home-shirt-94185.html,149.99,True,False
Casemiro,Casemiro Back Signed Brazil 2022-23 Home Shirt,199.99,GBP,Out of Stock,,2 working days,Signed shirts,Casemiro,Unframed,I1890,https://www.icons.com/casemiro-back-signed-brazil-2022-23-home-shirt-16529.html,199.99,True,False
Casemiro,Casemiro Back Signed Brazil 2022-23 Home Shirt: Signed Under Number,199.99,GBP,Out of Stock,,2 working days,Signed shirts,Casemiro,Unframed,I1889,https://www.icons.com/casemiro-back-signed-brazil-2022-23-home-shirt-signed-under-number-78654.html,199.99,True,False
Casemiro,Casemiro Signed UEFA Champions League Football,149.99,GBP,Out of Stock,,2 working days,Signed balls,Casemiro,Unframed,I1888,https://www.icons.com/casemiro-signed-uefa-champions-league-football-85904.html,149.99,True,False
Casemiro,Casemiro Signed FIFA World Cup Football,149.99,GBP,Out of Stock,,2 working days,Signed balls,Casemiro,Unframed,I1887,https://www.icons.com/casemiro-signed-fifa-world-cup-football-05823.html,149.99,True,False
Santi Cazorla,Santi Cazorla Back Signed Arsenal Home Shirt In Classic Frame,299.99,GBP,Out of Stock,885mm (H) x 780mm (W) x 30mm (D),1-5 working days,Signed shirts,Santi Cazorla,Framed,IC9153CF,https://www.icons.com/santi-cazorla-back-signed-arsenal-home-shirt-in-classic-frame.html,299.99,True,False
Santi Cazorla,Santi Cazorla Back Signed Arsenal Home Shirt,199.99,GBP,Out of Stock,,2 working days,Signed shirts,Santi Cazorla,Unframed,IC9153,https://www.icons.com/santi-cazorla-back-signed-arsenal-home-shirt.html,199.99,True,False
Nathaniel Chalobah,Nathaniel Chalobah Signed Plaque and Photo Frame: West Bromwich Albion Star,99.99,GBP,Out of Stock,,1-5 working days,Signed cards and plaques,Nathaniel Chalobah,Framed,ICNCHEPENGPLQF1,https://www.icons.com/nathaniel-chalobah-signed-black-plaque-and-photo-frame-2093876.html,99.99,True,False
Nathaniel Chalobah,Nathaniel Chalobah Back Signed 2016-17 England Home Shirt,199.99,GBP,Out of Stock,,2 working days,Signed shirts,Nathaniel Chalobah,Unframed,ICNCHES1ENG,https://www.icons.com/nathaniel-chalobah-england-back-signed-2016-17-home-shirt.html,199.99,True,False
Federico Chiesa,Official UEFA EURO 2020 3D Mini Replica Trophy On Pedestal,74.99,GBP,Out of Stock,,2 working days,Replica trophies,Unsigned,Unframed,ICRT8EUR,https://www.icons.com/official-uefa-euro-2020-3d-mini-replica-trophy-on-pedestal.html,74.99,False,False
Federico Chiesa,Official UEFA EURO 2020 3D Mini Replica Trophy,124.99,GBP,Out of Stock,,2 working days,Replica trophies,Unsigned,Unframed,ICRT7EUR,https://www.icons.com/official-uefa-euro-2020-3d-mini-replica-trophy.html,124.99,False,False
Nathaniel Clyne,Nathaniel Clyne Signed Plaque and Photo Frame: Crystal Palace Star,99.99,GBP,In Stock,,1-5 working days,Signed cards and plaques,Nathaniel Clyne,Framed,ICNCEPENGPLQF1,https://www.icons.com/nathaniel-clyne-signed-black-plaque-and-photo-frame-2093877.html,99.99,True,True
Nathaniel Clyne,Nathaniel Clyne Back Signed England 2016-17 Home Shirt,199.99,GBP,Out of Stock,,2 working days,Signed shirts,Nathaniel Clyne,Unframed,ICNCES1ENG,https://www.icons.com/nathaniel-clyne-england-back-signed-2016-17-home-shirt.html,199.99,True,False
Sebastian Cordova,Sebastian Cordova Official FIFA World Cup™ Back Signed Mexico 2020 Away Shirt In Deluxe Packaging,450.0,GBP,In Stock,375mm (H) x 315mm (W) x 40mm (D),2 working days,Signed shirts,Sebastian Cordova,Deluxe Packaged,ICSECOMS1FWCD,https://www.icons.com/sebastian-cordova-official-fifa-world-cup-back-signed-mexico-2020-away-shirt-in-deluxe-packaging-5215.html,450.0,True,True
Sebastian Cordova,Sebastian Cordova Official FIFA World Cup™ Back Signed and Hero Framed Mexico 2020 Away Shirt,850.0,GBP,In Stock,1015mm (W) x 750mm (H) x 25mm (D),1-5 working days,Signed shirts,Sebastian Cordova,Framed,ICSECOMS1FWCCHF1,https://www.icons.com/sebastian-cordova-back-signed-mexico-2020-away-shirt-in-hero-frame-official-fwc-5215.html,850.0,True,True
Sebastian Cordova,Sebastian Cordova Official FIFA World Cup™ Back Signed and Framed Mexico 2020 Away Shirt,600.0,GBP,In Stock,885mm (H) x 780mm (W) x 30mm (D),1-5 working days,Signed shirts,Sebastian Cordova,Framed,ICSECOMS1FWCCF,https://www.icons.com/sebastian-cordova-back-signed-mexico-2020-away-shirt-in-classic-frame-official-fwc-5214.html,600.0,True,True
Sebastian Cordova,Sebastian Cordova Back Signed Mexico 2020 Away Shirt In Deluxe Packaging,284.99,GBP,In Stock,375mm (H) x 315mm (W) x 40mm (D),2 working days,Signed shirts,Sebastian Cordova,Deluxe Packaged,ICSECOMS1D,https://www.icons.com/sebastian-cordova-back-signed-mexico-2020-away-shirt-in-deluxe-packaging-25061.html,284.99,True,True
Sebastian Cordova,Sebastian Cordova Back Signed Mexico 2020 Away Shirt In Hero Frame: Option 1,449.99,GBP,In Stock,1015mm (W) x 750mm (H) x 25mm (D),1-5 working days,Signed shirts,Sebastian Cordova,Framed,ICSECOMS1HF1,https://www.icons.com/sebastian-cordova-back-signed-mexico-2020-away-shirt-in-hero-frame-option-1-06438.html,449.99,True,True
Sebastian Cordova,Sebastian Cordova Back Signed Mexico 2020 Away Shirt In Classic Frame,424.99,GBP,In Stock,885mm (H) x 780mm (W) x 30mm (D),1-5 working days,Signed shirts,Sebastian Cordova,Framed,ICSECOMS1CF,https://www.icons.com/sebastian-cordova-back-signed-mexico-2020-away-shirt-in-classic-frame-05213.html,424.99,True,True
Diego Costa,Official UEFA EURO 2020 3D Mini Replica Trophy On Pedestal,74.99,GBP,Out of Stock,,2 working days,Replica trophies,Unsigned,Unframed,ICRT8EUR,https://www.icons.com/official-uefa-euro-2020-3d-mini-replica-trophy-on-pedestal.html,74.99,False,False
Diego Costa,Official UEFA EURO 2020 3D Mini Replica Trophy,124.99,GBP,Out of Stock,,2 working days,Replica trophies,Unsigned,Unframed,ICRT7EUR,https://www.icons.com/official-uefa-euro-2020-3d-mini-replica-trophy.html,124.99,False,False
Thibaut Courtois,Thibaut Courtois & Eder Militao Signed Real Madrid CF Shirts In Classic Dual Frame,1000.0,GBP,Out of Stock,1200mm (W) x 900mm (H) x 30mm (D),1-5 working days,Signed shirts,Thibaut Courtois,Framed,I5571I5457DS,https://www.icons.com/thibaut-courtois-unsigned-signed-real-madrid-cf-shirts-in-classic-dual-frame-32651.html,1000.0,True,False
Thibaut Courtois,Thibaut Courtois Official UEFA Champions League Back Signed and Framed Real Madrid 2025-26 Goalkeepers Home Shirt,674.99,GBP,Out of Stock,875mm (H) x 785mm (W) x 38mm (D),1-5 working days,Signed shirts,Thibaut Courtois,Framed,I5571UCLF,https://www.icons.com/thibaut-courtois-official-uefa-champions-league-real-madrid-2025-26-goalkeepers-home-shirt-40582.html,674.99,True,False
Thibaut Courtois,Thibaut Courtois Real Madrid 2025-26 Goalkeepers Home Shirt In Hero Frame: Option 1,574.99,GBP,Out of Stock,1015mm (W) x 750mm (H) x 25mm (D),1-5 working days,Signed shirts,Thibaut Courtois,Framed,I5571HF1,https://www.icons.com/thibaut-courtois-real-madrid-2025-26-goalkeepers-home-shirt-in-hero-frame-option-1-04812.html,574.99,True,False
Thibaut Courtois,Thibaut Courtois Real Madrid 2025-26 Goalkeepers Home Shirt In Classic Frame,549.99,GBP,Out of Stock,885mm (H) x 780mm (W) x 30mm (D),1-5 working days,Signed shirts,Thibaut Courtois,Framed,I5571CF,https://www.icons.com/thibaut-courtois-real-madrid-2025-26-goalkeepers-home-shirt-in-classic-frame-51904.html,549.99,True,False
Thibaut Courtois,Thibaut Courtois Official UEFA Champions League Back Signed and Hero Framed Real Madrid 2025-26 Goalkeepers Home Shirt,724.99,GBP,Out of Stock,920mm (H) x 1120mm (W) x 20mm (D),1-5 working days,Signed shirts,Thibaut Courtois,Framed,I5571UCLHF,https://www.icons.com/thibaut-courtois-official-uefa-champions-league-real-madrid-2025-26-goalkeepers-home-shirt-51647.html,724.99,True,False
Thibaut Courtois,Thibaut Courtois Real Madrid 2025-26 Goalkeepers Home Shirt In Deluxe Packaging,409.99,GBP,Out of Stock,375mm (H) x 315mm (W) x 40mm (D),2 working days,Signed shirts,Thibaut Courtois,Deluxe Packaged,I5571D,https://www.icons.com/thibaut-courtois-real-madrid-2025-26-goalkeepers-home-shirt-in-deluxe-packaging-67925.html,409.99,True,False
Philippe Coutinho,UNSIGNED Philippe Coutinho Photo In Black Wooden Frame: FC Barcelona Arms Out Celebration,49.99,GBP,Out of Stock,16 x 12 inches,1-5 working days,Signed photos,Unsigned,Framed,US1059BWF,https://www.icons.com/unsigned-philippe-coutinho-photo-in-black-wooden-frame-fc-barcelona-arms-out-celebration-81957.html,49.99,False,False
Philippe Coutinho,UNSIGNED Philippe Coutinho Photo In Black Wooden Frame: Liverpool FC Punching the Air,49.99,GBP,Out of Stock,16 x 12 inches,1-5 working days,Signed photos,Unsigned,Framed,US1060BWF,https://www.icons.com/unsigned-philippe-coutinho-photo-in-black-wooden-frame-liverpool-punching-the-air-98640.html,49.99,False,False
Philippe Coutinho,Philippe Coutinho Back Signed Brazil 2022-23 Home Shirt With Fan Style Numbers,274.99,GBP,Out of Stock,,2 working days,Signed shirts,Philippe Coutinho,Unframed,I1548,https://www.icons.com/philippe-coutinho-back-signed-brazil-2022-23-home-shirt-with-fan-style-numbers-67813.html,274.99,True,False
Philippe Coutinho,Philippe Coutinho Signed Yellow and Black Nike Mercurial Boot,174.99,GBP,Out of Stock,,2 working days,Signed boots,Philippe Coutinho,Unframed,A9982,https://www.icons.com/philippe-coutinho-signed-yellow-and-black-nike-mercurial-boot-1.html,174.99,True,False
Philippe Coutinho,Philippe Coutinho Signed Red and Black Nike Mercurial Boot In Bubble Frame: Option 1,324.99,GBP,Out of Stock,610mm (W) x 520mm (H) x 127mm (D),1-5 working days,Signed boots,Philippe Coutinho,Framed,A9873BUBF1,https://www.icons.com/philippe-coutinho-signed-red-and-black-nike-mercurial-boot-in-bubble-frame-option-1.html,324.99,True,False
Philippe Coutinho,Philippe Coutinho Signed Brazil Photo In Black Wooden Frame,104.99,GBP,Out of Stock,16 x 12 inches,1-5 working days,Signed photos,Philippe Coutinho,Framed,ICPCBRP1BWF,https://www.icons.com/philippe-coutinho-signed-brazil-photo-in-black-wooden-frame.html,104.99,True,False
Philippe Coutinho,Philippe Coutinho Signed Brazil Photo,69.99,GBP,Out of Stock,16 x 12 inches,2 working days,Signed photos,Philippe Coutinho,Unframed,ICPCBRP1,https://www.icons.com/philippe-coutinho-signed-brazil-photo.html,69.99,True,False
Philippe Coutinho,Philippe Coutinho Signed FC Barcelona 2017-18 Home Shirt With Fan Style Numbers In Classic Frame,299.99,GBP,Out of Stock,885mm (H) x 780mm (W) x 30mm (D),1-5 working days,Signed shirts,Philippe Coutinho,Framed,ICPCBAS2CF,https://www.icons.com/philippe-coutinho-signed-fc-barcelona-2017-18-home-shirt-with-fan-style-numbers-in-classic-frame.html,299.99,True,False
Philippe Coutinho,Philippe Coutinho Signed FC Barcelona 2017-18 Home Shirt With Fan Style Numbers In Hero Frame: Option 1,349.99,GBP,Out of Stock,1015mm (W) x 750mm (H) x 25mm (D),1-5 working days,Signed shirts,Philippe Coutinho,Framed,ICPCBAS2HF1,https://www.icons.com/philippe-coutinho-signed-fc-barcelona-2017-18-home-shirt-with-fan-style-numbers-in-hero-frame-option-1.html,349.99,True,False
Philippe Coutinho,Philippe Coutinho Back Signed Liverpool 2014-15 Home Shirt In Hero Frame: Option 1,349.99,GBP,Out of Stock,1015mm (W) x 750mm (H) x 25mm (D),1-5 working days,Signed shirts,Philippe Coutinho,Framed,ICPCLS2HF1,https://www.icons.com/philippe-coutinho-back-signed-liverpool-2014-15-home-shirt-in-hero-frame-option-1.html,349.99,True,False
Philippe Coutinho,Philippe Coutinho Back Signed FC Barcelona 2017-18 Home Shirt In Hero Frame: Option 1,349.99,GBP,Out of Stock,1015mm (W) x 750mm (H) x 25mm (D),1-5 working days,Signed shirts,Philippe Coutinho,Framed,ICPCBAS1HF1,https://www.icons.com/philippe-coutinho-back-signed-fc-barcelona-2017-18-home-shirt-in-hero-frame-option-1.html,349.99,True,False
Philippe Coutinho,Luis Suarez & Philippe Coutinho Signed Liverpool Shirts In Classic Dual Frame,519.99,GBP,Out of Stock,1200mm (W) x 900mm (H) x 30mm (D),1-5 working days,Signed shirts,"Luis Suarez, Philippe Coutinho",Framed,ICLSLS7ICPCLS2DS,https://www.icons.com/luis-suarez-philippe-coutinho-signed-liverpool-shirts-in-classic-dual-frame.html,519.99,False,False
Philippe Coutinho,Philippe Coutinho Signed Liverpool Photo: Goal vs Manchester City,124.99,GBP,Out of Stock,16 x 12 inches,2 working days,Signed photos,Philippe Coutinho,Unframed,ICPCLP4,https://www.icons.com/philippe-coutinho-signed-liverpool-photo-goal-vs-manchester-city.html,124.99,True,False
Philippe Coutinho,Philippe Coutinho Signed FC Barcelona Photo: Goal vs Valencia,124.99,GBP,Out of Stock,16 x 12 inches,2 working days,Signed photos,Philippe Coutinho,Unframed,ICPCBAP1,https://www.icons.com/philippe-coutinho-signed-fc-barcelona-photo-goal-vs-valencia.html,124.99,True,False
Philippe Coutinho,Philippe Coutinho Signed Red and Black Nike Mercurial Boot In Acrylic Case,157.49,GBP,Out of Stock,340mm (W) x 230mm (D) x 190mm (H),2 working days,Signed boots,Philippe Coutinho,Acrylic Cased,A9873AD,https://www.icons.com/philippe-coutinho-signed-red-and-black-nike-mercurial-boot-in-acrylic-case.html,157.49,True,False
Philippe Coutinho,Philippe Coutinho Signed Red and Black Nike Mercurial Boot,122.49,GBP,Out of Stock,,2 working days,Signed boots,Philippe Coutinho,Unframed,A9873,https://www.icons.com/philippe-coutinho-signed-red-and-black-nike-mercurial-boot.html,122.49,True,False
Philippe Coutinho,Philippe Coutinho Back Signed FC Barcelona 2017-18 Home Shirt In Classic Frame,299.99,GBP,Out of Stock,885mm (H) x 780mm (W) x 30mm (D),1-5 working days,Signed shirts,Philippe Coutinho,Framed,ICPCBaS1CF,https://www.icons.com/philippe-coutinho-back-signed-fc-barcelona-2017-18-home-shirt-in-classic-frame.html,299.99,True,False
Philippe Coutinho,Philippe Coutinho Back Signed FC Barcelona 2017-18 Home Shirt,199.99,GBP,Out of Stock,,2 working days,Signed shirts,Philippe Coutinho,Unframed,ICPCBaS1,https://www.icons.com/philippe-coutinho-back-signed-fc-barcelona-2017-18-home-shirt.html,199.99,True,False
Philippe Coutinho,Philippe Coutinho Back Signed Liverpool 2014-15 Home Shirt In Classic Frame,239.99,GBP,Out of Stock,885mm (H) x 780mm (W) x 30mm (D),1-5 working days,Signed shirts,Philippe Coutinho,Framed,ICPCLS2CF,https://www.icons.com/philippe-coutinho-back-signed-liverpool-2014-15-home-shirt-in-classic-frame.html,239.99,True,False
Philippe Coutinho,Philippe Coutinho Back Signed Liverpool 2014-15 Home Shirt,159.99,GBP,Out of Stock,,2 working days,Signed shirts,Philippe Coutinho,Unframed,ICPCLS2,https://www.icons.com/philippe-coutinho-back-signed-liverpool-2014-15-home-shirt.html,159.99,True,False
Philippe Coutinho,Philippe Coutinho Back Signed Brazil 2017-18 Home Shirt In Classic Frame,299.99,GBP,Out of Stock,885mm (H) x 780mm (W) x 30mm (D),1-5 working days,Signed shirts,Philippe Coutinho,Framed,A9868CF,https://www.icons.com/philippe-coutinho-back-signed-brazil-2017-18-home-shirt-in-classic-frame.html,299.99,True,False
Philippe Coutinho,Philippe Coutinho Back Signed Brazil 2017-18 Home Shirt,199.99,GBP,Out of Stock,,2 working days,Signed shirts,Philippe Coutinho,Unframed,A9868,https://www.icons.com/philippe-coutinho-back-signed-brazil-2017-18-home-shirt.html,199.99,True,False
Philippe Coutinho,Philippe Coutinho Signed 2018 FIFA World Cup Telstar 18 Football,174.99,GBP,Out of Stock,,2 working days,Signed balls,Philippe Coutinho,Unframed,ICPCSB4,https://www.icons.com/philippe-coutinho-signed-2018-fifa-world-cup-telstar-18-football.html,174.99,True,False
Philippe Coutinho,Philippe Coutinho Signed and Liverpool Framed Yellow and Orange Nike Mercurial Vapor IX Boot,399.99,GBP,Out of Stock,,1-5 working days,Signed boots,Philippe Coutinho,Framed,ICPCSB2LIVF,https://www.icons.com/philippe-coutinho-signed-and-liverpool-framed-yellow-and-orange-nike-mercurial-vapor-ix-boot.html,399.99,True,False
Philippe Coutinho,Philippe Coutinho Signed Yellow and Orange Nike Mercurial Vapor IX Boot,199.99,GBP,Out of Stock,,2 working days,Signed boots,Philippe Coutinho,Unframed,ICPCSB2,https://www.icons.com/philippe-coutinho-signed-yellow-and-orange-nike-mercurial-vapor-ix-boot.html,199.99,True,False
Aaron Cresswell,Aaron Cresswell Signed England Photo In Premium Photo Frame,249.99,GBP,Out of Stock,16 x 12 inches,1-5 working days,Signed photos,Aaron Cresswell,Framed,ICACEP1PPF,https://www.icons.com/aaron-cresswell-signed-england-photo-1.html,249.99,True,False
Aaron Cresswell,Aaron Cresswell England Back Signed 2016-17 Home Shirt,199.99,GBP,Out of Stock,,2 working days,Signed shirts,Aaron Cresswell,Unframed,ICACES1ENG,https://www.icons.com/aaron-cresswell-england-back-signed-2016-17-home-shirt.html,199.99,True,False
Aaron Cresswell,Aaron Cresswell Signed England Photo,149.99,GBP,Out of Stock,16 x 12 inches,2 working days,Signed photos,Aaron Cresswell,Unframed,ICACEP1,https://www.icons.com/aaron-cresswell-signed-england-photo.html,149.99,True,False
